question,answer,source,category
고백할까?,"오, 설레겠다. 어떤 사람이야?",custom_smalltalk,love
지루해,그럼 우리 주제 하나 정해서 이야기해보자.,custom_smalltalk,bored
나 좋아하는 사람 생겼어,상대와 편하게 이야기할 기회를 만들어보자.,custom_smalltalk,love
안녕 반가워,"안녕, 오늘 기분은 어때?",custom_smalltalk,greeting
ㅎㅇ,안녕! 반가워.,custom_smalltalk,greeting
잘했다고 해줘,잘했어. 진짜 고생 많았어.,custom_smalltalk,compliment_user
행복해,뿌듯한 하루였구나. 고생했어.,custom_smalltalk,mood_good
맞지?,괜찮아 보여. 다만 조금 더 생각해봐도 좋겠어.,custom_smalltalk,agreement
햇빛 좋다,더운 날엔 물 잘 챙겨 마셔야 해.,custom_smalltalk,weather
너는 뭐야?,"나는 아직 배우는 중이지만, 편하게 이야기 나눌 수 있어.",custom_smalltalk,self_intro
나 왔어,반가워! 뭐든 편하게 말해도 돼.,custom_smalltalk,greeting
화나,혼자 다 안고 있지 않아도 돼. 이야기해도 괜찮아.,custom_smalltalk,mood_bad
오늘 좋은 일 있었어,좋다! 그런 날은 오래 기억해두자.,custom_smalltalk,mood_good
재밌는 얘기 해줘,좋아. 내가 들어줄게.,custom_smalltalk,bored
오늘 좋은 일 있었어,오늘 정말 잘 보냈나 보다.,custom_smalltalk,mood_good
밥 먹었어?,오늘은 부담 없는 메뉴가 좋을 것 같아.,custom_smalltalk,food
괜히 그랬어,사과는 빠르고 솔직할수록 좋아.,custom_smalltalk,apology
불면증 같아,잠이 부족하면 작은 일도 크게 느껴질 수 있어.,custom_smalltalk,sleep
나 잘했지?,충분히 칭찬받을 만해.,custom_smalltalk,compliment_user
어때 보여?,"응, 그렇게 생각할 수도 있어.",custom_smalltalk,agreement
바이,좋아. 좋은 하루 보내.,custom_smalltalk,bye
잠이 안 와,오늘은 무리하지 말고 몸을 먼저 챙기자.,custom_smalltalk,sleep
맛있는 거 먹고 싶다,커피도 좋지만 물도 같이 마셔줘.,custom_smalltalk,food
힘들어,괜찮아. 천천히 말해줘. 내가 들어줄게.,custom_smalltalk,mood_bad
일이 너무 많아,일단 10분만 시작해보는 건 어때?,custom_smalltalk,study_work
그냥,딱히 할 말이 없어도 괜찮아.,custom_smalltalk,fallback
취미 추천해줘,노래 들으면서 기분 전환하는 것도 괜찮지.,custom_smalltalk,hobby
오늘 뿌듯해,그 기분 그대로 이어졌으면 좋겠다.,custom_smalltalk,mood_good
외로워,속상한 일이 있었나 보네. 무슨 일이었어?,custom_smalltalk,mood_bad
오늘 하루 어땠어?,그럭저럭 잘 지냈어. 너는 별일 없었어?,custom_smalltalk,how_are_you
컨디션 어때?,좋아. 오늘은 어떤 이야기를 하고 싶어?,custom_smalltalk,how_are_you
수고해,좋아. 다음에 또 이야기하자.,custom_smalltalk,bye
미안해,미안하다고 느꼈다면 진심을 담아 말해보는 게 좋아.,custom_smalltalk,apology
기분 최고야,오늘 정말 잘 보냈나 보다.,custom_smalltalk,mood_good
안녕하세요,안녕하세요. 오늘은 어떤 이야기를 해볼까요?,custom_smalltalk,greeting
힘들어,속상한 일이 있었나 보네. 무슨 일이었어?,custom_smalltalk,mood_bad
너는 뭐야?,나는 네 말을 듣고 자연스럽게 답하려고 학습 중인 챗봇이야.,custom_smalltalk,self_intro
음,괜찮아. 천천히 생각해도 돼.,custom_smalltalk,fallback
아,생각나는 만큼만 말해줘.,custom_smalltalk,fallback
야 안녕,좋아. 같이 이야기해보자.,custom_smalltalk,greeting
졸려,잠이 안 올 땐 화면을 잠시 내려놓는 것도 도움이 돼.,custom_smalltalk,sleep
할 거 있어?,좋아. 잠깐 같이 이야기하자.,custom_smalltalk,what_doing
우울해,괜찮아. 천천히 말해줘. 내가 들어줄게.,custom_smalltalk,mood_bad
야 안녕,"안녕, 오늘 기분은 어때?",custom_smalltalk,greeting
너무 더워,습하면 더 지치니까 무리하지 마.,custom_smalltalk,weather
귀찮아,너무 부담되면 쉬운 것부터 처리해보자.,custom_smalltalk,study_work
할 거 있어?,대화할 준비 됐어. 무슨 이야기할까?,custom_smalltalk,what_doing
음,그럼 가볍게 오늘 있었던 일부터 말해볼까?,custom_smalltalk,fallback
수고해,편히 쉬어. 또 와줘.,custom_smalltalk,bye
bye,편히 쉬어. 또 와줘.,custom_smalltalk,bye
영화 볼까?,게임도 좋지만 너무 오래 하진 말자.,custom_smalltalk,hobby
나 오늘 기분 좋아,뿌듯한 하루였구나. 고생했어.,custom_smalltalk,mood_good
시간이 안 가,심심할 땐 아무 말 대잔치도 괜찮아.,custom_smalltalk,bored
좋은 하루였어,그 기분 그대로 이어졌으면 좋겠다.,custom_smalltalk,mood_good
사람들이랑 어울리기 힘들어,상대의 마음을 단정하기 전에 천천히 이야기해보는 것도 좋아.,custom_smalltalk,relationship
그렇지?,괜찮아 보여. 다만 조금 더 생각해봐도 좋겠어.,custom_smalltalk,agreement
잠 못 잤어,많이 피곤하겠다. 가능하면 잠깐이라도 쉬어.,custom_smalltalk,sleep
지루해,그럼 나랑 잠깐 수다 떨자.,custom_smalltalk,bored
자고 싶어,따뜻한 물 마시고 조용히 쉬어보는 것도 좋아.,custom_smalltalk,sleep
잘 들어줘서 고마워,도움이 됐다니 기뻐.,custom_smalltalk,thanks
오늘 뿌듯해,잘됐다. 어떤 좋은 일이 있었어?,custom_smalltalk,mood_good
나 오늘 기분 좋아,듣기만 해도 나까지 기분 좋아진다.,custom_smalltalk,mood_good
뭐 재미있는 거 없을까?,그럼 지금 떠오르는 생각부터 말해줘.,custom_smalltalk,bored
비 와,습하면 더 지치니까 무리하지 마.,custom_smalltalk,weather
나 이번에 잘한 것 같아,잘했어. 진짜 고생 많았어.,custom_smalltalk,compliment_user
취미 추천해줘,가볍게 시작하려면 산책이나 음악 듣기부터 좋아.,custom_smalltalk,hobby
날씨가 흐려,날씨 좋은 날은 잠깐 산책해도 좋겠다.,custom_smalltalk,weather
게임할까?,가볍게 시작하려면 산책이나 음악 듣기부터 좋아.,custom_smalltalk,hobby
나 좀 대단하지?,해냈다는 게 정말 중요해. 멋지다.,custom_smalltalk,compliment_user
짝사랑 중이야,"오, 설레겠다. 어떤 사람이야?",custom_smalltalk,love
햇빛 좋다,습하면 더 지치니까 무리하지 마.,custom_smalltalk,weather
수고해,잘 쉬고 다음에 또 이야기하자.,custom_smalltalk,bye
친구가 서운하게 해,네가 느낀 감정은 충분히 말해볼 만해.,custom_smalltalk,relationship
일하기 싫어,너무 부담되면 쉬운 것부터 처리해보자.,custom_smalltalk,study_work
글쎄,생각나는 만큼만 말해줘.,custom_smalltalk,fallback
반가워,"안녕, 오늘 기분은 어때?",custom_smalltalk,greeting
고마워,고맙다고 말해줘서 나도 좋아.,custom_smalltalk,thanks
나 성공했어,그 정도면 충분히 멋진 일이야.,custom_smalltalk,compliment_user
처음 만나,좋아. 같이 이야기해보자.,custom_smalltalk,greeting
오랜만이야,안녕. 오늘 하루는 어땠어?,custom_smalltalk,greeting
재밌는 얘기 해줘,나랑 이야기하다 보면 시간이 좀 빨리 갈지도 몰라.,custom_smalltalk,bored
너 누구야?,나는 한국어 대화를 연습하는 챗봇이야.,custom_smalltalk,self_intro
습해,눈 오는 날은 조심히 다녀야 해.,custom_smalltalk,weather
hello,반가워! 뭐든 편하게 말해도 돼.,custom_smalltalk,greeting
나 오늘 열심히 했어,잘했다고 말해주고 싶어. 수고했어.,custom_smalltalk,compliment_user
놀아줘,그럼 지금 떠오르는 생각부터 말해줘.,custom_smalltalk,bored
일하기 싫어,미루고 싶을 때는 딱 한 문제만 해보는 것도 방법이야.,custom_smalltalk,study_work
날씨 왜 이래,더운 날엔 물 잘 챙겨 마셔야 해.,custom_smalltalk,weather
주말에 뭐하지?,"지금 에너지가 있으면 운동, 쉬고 싶으면 영화도 괜찮아.",custom_smalltalk,hobby
미안,괜찮아질 수 있어. 하나씩 정리해보자.,custom_smalltalk,apology
요즘 어때?,좋아. 오늘은 어떤 이야기를 하고 싶어?,custom_smalltalk,how_are_you
지루해,좋아. 내가 들어줄게.,custom_smalltalk,bored
데이트 뭐하지?,데이트는 서로 편한 걸 고르는 게 좋아.,custom_smalltalk,love
나 노력했어,충분히 칭찬받을 만해.,custom_smalltalk,compliment_user
해야 할 게 많아,일단 10분만 시작해보는 건 어때?,custom_smalltalk,study_work
오늘 어때?,괜찮게 지냈어. 오늘 너는 어땠어?,custom_smalltalk,how_are_you
너 누구야?,나는 너랑 대화하기 위해 만들어진 작은 한국어 챗봇이야.,custom_smalltalk,self_intro
일어나기 힘들어,잠이 부족하면 작은 일도 크게 느껴질 수 있어.,custom_smalltalk,sleep
처음 만나,안녕. 오늘 하루는 어땠어?,custom_smalltalk,greeting
게임할까?,게임도 좋지만 너무 오래 하진 말자.,custom_smalltalk,hobby
괜찮아?,좋아. 오늘은 어떤 이야기를 하고 싶어?,custom_smalltalk,how_are_you
뭐 하고 놀까?,"지금 에너지가 있으면 운동, 쉬고 싶으면 영화도 괜찮아.",custom_smalltalk,hobby
컨디션 어때?,그럭저럭 잘 지냈어. 너는 별일 없었어?,custom_smalltalk,how_are_you
답답해,마음이 복잡할 때는 하나씩 꺼내보면 조금 나아질 수 있어.,custom_smalltalk,mood_bad
뭐 하고 놀까?,새 취미는 부담 없이 짧게 해볼 수 있는 게 좋아.,custom_smalltalk,hobby
속상해,힘든 하루였구나. 여기서는 편하게 말해도 돼.,custom_smalltalk,mood_bad
이제 자야겠다,수고했어. 다음에 또 보자.,custom_smalltalk,bye
그냥,생각나는 만큼만 말해줘.,custom_smalltalk,fallback
나 좀 대단하지?,잘했어. 진짜 고생 많았어.,custom_smalltalk,compliment_user
힘들어,마음이 복잡할 때는 하나씩 꺼내보면 조금 나아질 수 있어.,custom_smalltalk,mood_bad
주말에 뭐하지?,새 취미는 부담 없이 짧게 해볼 수 있는 게 좋아.,custom_smalltalk,hobby
나 좀 대단하지?,오늘의 너는 꽤 자랑스러워해도 돼.,custom_smalltalk,compliment_user
친구랑 싸웠어,관계 문제는 마음이 많이 쓰이지.,custom_smalltalk,relationship
좋은 저녁,안녕하세요. 오늘은 어떤 이야기를 해볼까요?,custom_smalltalk,greeting
미안해,괜찮아질 수 있어. 하나씩 정리해보자.,custom_smalltalk,apology
과제 해야 돼,완벽하게 하려 하지 말고 시작부터 해보자.,custom_smalltalk,study_work
할 거 없어,그럼 지금 떠오르는 생각부터 말해줘.,custom_smalltalk,bored
지금 이야기할 수 있어?,바쁘지 않아. 편하게 말해줘.,custom_smalltalk,what_doing
너 정체가 뭐야?,나는 한국어 대화를 연습하는 챗봇이야.,custom_smalltalk,self_intro
안녕 반가워,반가워. 편하게 말 걸어줘.,custom_smalltalk,greeting
밥 먹었어?,지금 기분에는 따뜻한 음식도 괜찮겠다.,custom_smalltalk,food
오늘 운이 좋았어,오늘 정말 잘 보냈나 보다.,custom_smalltalk,mood_good
잘 지냈어?,괜찮게 지냈어. 오늘 너는 어땠어?,custom_smalltalk,how_are_you
결정 못 하겠어,후회가 적을 선택을 기준으로 골라보자.,custom_smalltalk,choice
심심해서 왔어,심심할 땐 아무 말 대잔치도 괜찮아.,custom_smalltalk,bored
오늘 날씨 좋다,흐린 날엔 실내에서 쉬는 것도 좋지.,custom_smalltalk,weather
대화 가능해?,대화할 준비 됐어. 무슨 이야기할까?,custom_smalltalk,what_doing
너무 더워,눈 오는 날은 조심히 다녀야 해.,custom_smalltalk,weather
너는 어떤 챗봇이야?,나는 네 말을 듣고 자연스럽게 답하려고 학습 중인 챗봇이야.,custom_smalltalk,self_intro
답답해,속상한 일이 있었나 보네. 무슨 일이었어?,custom_smalltalk,mood_bad
화나,마음이 복잡할 때는 하나씩 꺼내보면 조금 나아질 수 있어.,custom_smalltalk,mood_bad
시간 있어?,지금은 네 이야기를 들을 준비를 하고 있어.,custom_smalltalk,what_doing
날씨 왜 이래,흐린 날엔 실내에서 쉬는 것도 좋지.,custom_smalltalk,weather
별일 없었어?,"응, 잘 지냈어. 너는 어떻게 지냈어?",custom_smalltalk,how_are_you
기분은 어때?,좋아. 오늘은 어떤 이야기를 하고 싶어?,custom_smalltalk,how_are_you
사과해야 할까?,미안하다고 느꼈다면 진심을 담아 말해보는 게 좋아.,custom_smalltalk,apology
자기소개 해봐,나는 한국어 대화를 연습하는 챗봇이야.,custom_smalltalk,self_intro
답답해,혼자 다 안고 있지 않아도 돼. 이야기해도 괜찮아.,custom_smalltalk,mood_bad
너무 더워,더운 날엔 물 잘 챙겨 마셔야 해.,custom_smalltalk,weather
불면증 같아,따뜻한 물 마시고 조용히 쉬어보는 것도 좋아.,custom_smalltalk,sleep
너는 사람 아니지?,나는 한국어 대화를 연습하는 챗봇이야.,custom_smalltalk,self_intro
오늘 좋은 일 있었어,듣기만 해도 나까지 기분 좋아진다.,custom_smalltalk,mood_good
골라줘,후회가 적을 선택을 기준으로 골라보자.,custom_smalltalk,choice
오랜만이야,좋아. 같이 이야기해보자.,custom_smalltalk,greeting
우울해,그랬구나. 오늘 많이 지쳤겠다.,custom_smalltalk,mood_bad
날씨가 흐려,그런 날씨면 기분도 조금 달라지지.,custom_smalltalk,weather
밤샜어,밤샜으면 컨디션이 흔들릴 수 있어. 천천히 움직여.,custom_smalltalk,sleep
잘했다고 해줘,그 정도면 충분히 멋진 일이야.,custom_smalltalk,compliment_user
습해,추우면 따뜻하게 입고 다녀.,custom_smalltalk,weather
땡큐,그렇게 말해주니까 나도 기분 좋다.,custom_smalltalk,thanks
잘 지냈어?,그럭저럭 잘 지냈어. 너는 별일 없었어?,custom_smalltalk,how_are_you
뭐 하고 놀까?,게임도 좋지만 너무 오래 하진 말자.,custom_smalltalk,hobby
아무거나,괜찮아. 천천히 생각해도 돼.,custom_smalltalk,fallback
밥 먹었어?,커피도 좋지만 물도 같이 마셔줘.,custom_smalltalk,food
할 거 있어?,너랑 이야기하려고 기다리고 있었어.,custom_smalltalk,what_doing
맛있는 거 먹고 싶다,밥은 잘 챙겨 먹어야 해. 오늘은 뭐 먹고 싶어?,custom_smalltalk,food
나 갈게,잘 쉬고 다음에 또 이야기하자.,custom_smalltalk,bye
뭐 재미있는 거 없을까?,그럼 나랑 잠깐 수다 떨자.,custom_smalltalk,bored
시간이 안 가,그럼 가볍게 질문 하나 할게. 오늘 제일 좋았던 순간은 뭐야?,custom_smalltalk,bored
둘 중에 뭐 골라?,후회가 적을 선택을 기준으로 골라보자.,custom_smalltalk,choice
공부해야 하는데 하기 싫어,집중이 안 되면 할 일을 적어보는 것부터 시작해보자.,custom_smalltalk,study_work
몰라,그럼 가볍게 오늘 있었던 일부터 말해볼까?,custom_smalltalk,fallback
친구랑 싸웠어,혼자라고 느껴질 때 정말 외롭지.,custom_smalltalk,relationship
누가 나 싫어하는 것 같아,혼자라고 느껴질 때 정말 외롭지.,custom_smalltalk,relationship
공부해야 하는데 하기 싫어,너무 부담되면 쉬운 것부터 처리해보자.,custom_smalltalk,study_work
고마워 진짜,언제든 편하게 말해줘.,custom_smalltalk,thanks
몰라,괜찮아. 천천히 생각해도 돼.,custom_smalltalk,fallback
나 좀 대단하지?,노력한 게 느껴져. 정말 잘했어.,custom_smalltalk,compliment_user
데이트 뭐하지?,썸 같으면 작은 관심들이 더 크게 느껴지지.,custom_smalltalk,love
늦게 잤어,따뜻한 물 마시고 조용히 쉬어보는 것도 좋아.,custom_smalltalk,sleep
그런가,괜찮아. 천천히 생각해도 돼.,custom_smalltalk,fallback
그 사람이 자꾸 생각나,데이트는 서로 편한 걸 고르는 게 좋아.,custom_smalltalk,love
해야 할 게 많아,집중이 안 되면 할 일을 적어보는 것부터 시작해보자.,custom_smalltalk,study_work
기분은 어때?,나는 준비 완료야. 네 이야기도 들려줘.,custom_smalltalk,how_are_you
집중이 안 돼,집중이 안 되면 할 일을 적어보는 것부터 시작해보자.,custom_smalltalk,study_work
오늘 하루 어땠어?,나는 준비 완료야. 네 이야기도 들려줘.,custom_smalltalk,how_are_you
오늘 날씨 좋다,습하면 더 지치니까 무리하지 마.,custom_smalltalk,weather
추천해줘,급하지 않으면 조금 더 생각해봐도 괜찮아.,custom_smalltalk,choice
시간이 안 가,그럼 지금 떠오르는 생각부터 말해줘.,custom_smalltalk,bored
처음 만나,"안녕, 오늘 기분은 어때?",custom_smalltalk,greeting
너 소개해줘,"나는 아직 배우는 중이지만, 편하게 이야기 나눌 수 있어.",custom_smalltalk,self_intro
바람 많이 불어,추우면 따뜻하게 입고 다녀.,custom_smalltalk,weather
나 칭찬받았어,오늘 정말 잘 보냈나 보다.,custom_smalltalk,mood_good
비 와,추우면 따뜻하게 입고 다녀.,custom_smalltalk,weather
날씨가 흐려,습하면 더 지치니까 무리하지 마.,custom_smalltalk,weather
늦게 잤어,밤샜으면 컨디션이 흔들릴 수 있어. 천천히 움직여.,custom_smalltalk,sleep
친구가 보고 싶어,네가 느낀 감정은 충분히 말해볼 만해.,custom_smalltalk,relationship
심심해서 왔어,좋아. 내가 들어줄게.,custom_smalltalk,bored
나랑 놀래?,지금은 네 이야기를 들을 준비를 하고 있어.,custom_smalltalk,what_doing
날씨 왜 이래,비 오는 날은 괜히 차분해지는 것 같아.,custom_smalltalk,weather
사과해야 할까?,너무 자책하지 말고 지금 할 수 있는 걸 생각해보자.,custom_smalltalk,apology
배고파,너무 늦지 않았다면 간단히 먹는 것도 좋아.,custom_smalltalk,food
뭐 먹지?,간식은 적당히 먹으면 기분 전환에 좋지.,custom_smalltalk,food
bye,잘 쉬고 다음에 또 이야기하자.,custom_smalltalk,bye
어떻게 하지?,지금 네가 더 마음이 가는 쪽은 어느 쪽이야?,custom_smalltalk,choice
이제 자야겠다,편히 쉬어. 또 와줘.,custom_smalltalk,bye
이만 갈게,오늘 이야기 즐거웠어.,custom_smalltalk,bye
미안,잘못을 인정하는 것도 용기야.,custom_smalltalk,apology
좋은 저녁,반가워! 뭐든 편하게 말해도 돼.,custom_smalltalk,greeting
운동해야 하나?,노래 들으면서 기분 전환하는 것도 괜찮지.,custom_smalltalk,hobby
내가 잘못했어,미안하다고 느꼈다면 진심을 담아 말해보는 게 좋아.,custom_smalltalk,apology
안녕,좋아. 같이 이야기해보자.,custom_smalltalk,greeting
이거 괜찮지?,괜찮아 보여. 다만 조금 더 생각해봐도 좋겠어.,custom_smalltalk,agreement
추천해줘,가장 부담이 적은 선택부터 해보는 것도 좋아.,custom_smalltalk,choice
둘 중에 뭐 골라?,네 상황을 조금 더 알려주면 같이 골라볼게.,custom_smalltalk,choice
너무 심심해,나랑 이야기하다 보면 시간이 좀 빨리 갈지도 몰라.,custom_smalltalk,bored
나 때문에 그런 것 같아,잘못을 인정하는 것도 용기야.,custom_smalltalk,apology
미루고 싶어,완벽하게 하려 하지 말고 시작부터 해보자.,custom_smalltalk,study_work
나 갈게,좋아. 좋은 하루 보내.,custom_smalltalk,bye
습해,비 오는 날은 괜히 차분해지는 것 같아.,custom_smalltalk,weather
시험 공부해야 돼,일단 10분만 시작해보는 건 어때?,custom_smalltalk,study_work
내가 이상한 거 아니지?,네 입장에서는 충분히 그렇게 느낄 만해.,custom_smalltalk,agreement
칭찬 받고 싶어,충분히 칭찬받을 만해.,custom_smalltalk,compliment_user
안녕하세요,안녕. 오늘 하루는 어땠어?,custom_smalltalk,greeting
안뇽,어서 와. 기다리고 있었어.,custom_smalltalk,greeting
요즘 잘 지내?,그럭저럭 잘 지냈어. 너는 별일 없었어?,custom_smalltalk,how_are_you
이제 자야겠다,좋아. 좋은 하루 보내.,custom_smalltalk,bye
야식 먹고 싶어,"뭐가 당기는지부터 생각해보자. 매운 거, 담백한 거, 달달한 거 중에 뭐가 좋아?",custom_smalltalk,food
사과해야 할까?,실수할 수 있어. 중요한 건 어떻게 수습하느냐야.,custom_smalltalk,apology
신난다,오늘 정말 잘 보냈나 보다.,custom_smalltalk,mood_good
연애하고 싶어,고백은 네 마음이 준비됐을 때 천천히 해도 돼.,custom_smalltalk,love
잠이 부족해,잠이 부족하면 작은 일도 크게 느껴질 수 있어.,custom_smalltalk,sleep
좋은 저녁,"안녕, 오늘 기분은 어때?",custom_smalltalk,greeting
커피 마실까?,"뭐가 당기는지부터 생각해보자. 매운 거, 담백한 거, 달달한 거 중에 뭐가 좋아?",custom_smalltalk,food
사람들이랑 어울리기 힘들어,관계는 어렵지만 네 마음도 중요해.,custom_smalltalk,relationship
감사해,천만에. 도움이 됐다면 다행이야.,custom_smalltalk,thanks
칭찬해줘,대단하지. 노력한 만큼 의미 있는 결과야.,custom_smalltalk,compliment_user
놀아줘,좋아. 오늘 있었던 일부터 이야기해볼까?,custom_smalltalk,bored
안녕하세요,안녕! 반가워.,custom_smalltalk,greeting
데이트 뭐하지?,상대와 편하게 이야기할 기회를 만들어보자.,custom_smalltalk,love
너는 어떤 챗봇이야?,나는 완벽하진 않지만 네 이야기를 들어줄 수 있어.,custom_smalltalk,self_intro
bye,수고했어. 다음에 또 보자.,custom_smalltalk,bye
시간이 안 가,좋아. 오늘 있었던 일부터 이야기해볼까?,custom_smalltalk,bored
기분은 어때?,그럭저럭 잘 지냈어. 너는 별일 없었어?,custom_smalltalk,how_are_you
심심해,좋아. 오늘 있었던 일부터 이야기해볼까?,custom_smalltalk,bored
행복해,멋지다. 오늘의 기분을 마음껏 즐겨.,custom_smalltalk,mood_good
오랜만이야,반가워. 편하게 말 걸어줘.,custom_smalltalk,greeting
울고 싶어,마음이 복잡할 때는 하나씩 꺼내보면 조금 나아질 수 있어.,custom_smalltalk,mood_bad
실수했어,사과는 빠르고 솔직할수록 좋아.,custom_smalltalk,apology
밤샜어,따뜻한 물 마시고 조용히 쉬어보는 것도 좋아.,custom_smalltalk,sleep
추천해줘,장단점을 하나씩 적어보면 결정이 쉬워질 수 있어.,custom_smalltalk,choice
잘가,오늘 이야기 즐거웠어.,custom_smalltalk,bye
과제 해야 돼,잠깐 쉬고 다시 시작해도 괜찮아.,custom_smalltalk,study_work
맛있는 거 먹고 싶다,오늘은 부담 없는 메뉴가 좋을 것 같아.,custom_smalltalk,food
고마워 진짜,고마워. 나도 네 이야기를 들을 수 있어서 좋아.,custom_smalltalk,thanks
딱히,생각나는 만큼만 말해줘.,custom_smalltalk,fallback
오늘 별로야,마음이 복잡할 때는 하나씩 꺼내보면 조금 나아질 수 있어.,custom_smalltalk,mood_bad
뭐해?,바쁘지 않아. 편하게 말해줘.,custom_smalltalk,what_doing
너랑 뭐 할 수 있어?,나는 한국어 대화를 연습하는 챗봇이야.,custom_smalltalk,self_intro
잠 못 잤어,밤샜으면 컨디션이 흔들릴 수 있어. 천천히 움직여.,custom_smalltalk,sleep
피곤해,많이 피곤하겠다. 가능하면 잠깐이라도 쉬어.,custom_smalltalk,sleep
안녕 반가워,어서 와. 기다리고 있었어.,custom_smalltalk,greeting
반가워,반가워. 편하게 말 걸어줘.,custom_smalltalk,greeting
잘 지냈니?,나는 괜찮아. 너는 요즘 어때?,custom_smalltalk,how_are_you
동의해?,네가 왜 그렇게 느꼈는지 알 것 같아.,custom_smalltalk,agreement
미안해,너무 자책하지 말고 지금 할 수 있는 걸 생각해보자.,custom_smalltalk,apology
고맙다,그렇게 말해주니까 나도 기분 좋다.,custom_smalltalk,thanks
뭐하니?,시간 있어. 어떤 이야기 하고 싶어?,custom_smalltalk,what_doing
뭐 하고 있어?,지금 너랑 수다 떨 수 있어.,custom_smalltalk,what_doing
화나,괜찮아. 천천히 말해줘. 내가 들어줄게.,custom_smalltalk,mood_bad
점심 뭐 먹을까?,지금 기분에는 따뜻한 음식도 괜찮겠다.,custom_smalltalk,food
뭘 해야 할지 모르겠어,장단점을 하나씩 적어보면 결정이 쉬워질 수 있어.,custom_smalltalk,choice
귀찮아,잠깐 쉬고 다시 시작해도 괜찮아.,custom_smalltalk,study_work
좋은 저녁,어서 와. 기다리고 있었어.,custom_smalltalk,greeting
맞지?,"응, 그렇게 생각할 수도 있어.",custom_smalltalk,agreement
그렇지?,나는 네 생각을 이해해.,custom_smalltalk,agreement
나 칭찬받았어,좋은 일이 있었다니 다행이야. 더 자세히 말해줘.,custom_smalltalk,mood_good
반가워,안녕! 반가워.,custom_smalltalk,greeting
왔어,안녕하세요. 오늘은 어떤 이야기를 해볼까요?,custom_smalltalk,greeting
대화 가능해?,바쁘지 않아. 편하게 말해줘.,custom_smalltalk,what_doing
힘들어,혼자 다 안고 있지 않아도 돼. 이야기해도 괜찮아.,custom_smalltalk,mood_bad
뭐해?,지금은 네 이야기를 들을 준비를 하고 있어.,custom_smalltalk,what_doing
글쎄,말이 잘 안 나올 때도 있지.,custom_smalltalk,fallback
다음에 또 올게,좋아. 다음에 또 이야기하자.,custom_smalltalk,bye
별일 없었어?,나는 준비 완료야. 네 이야기도 들려줘.,custom_smalltalk,how_are_you
취미 추천해줘,주말엔 쉬는 시간도 일정에 넣어보자.,custom_smalltalk,hobby
연락이 안 와,상대의 마음을 단정하기 전에 천천히 이야기해보는 것도 좋아.,custom_smalltalk,relationship
친구랑 싸웠어,네가 느낀 감정은 충분히 말해볼 만해.,custom_smalltalk,relationship
바람 많이 불어,눈 오는 날은 조심히 다녀야 해.,custom_smalltalk,weather
날씨가 흐려,눈 오는 날은 조심히 다녀야 해.,custom_smalltalk,weather
뭐 먹지?,지금 기분에는 따뜻한 음식도 괜찮겠다.,custom_smalltalk,food
점심 뭐 먹을까?,간식은 적당히 먹으면 기분 전환에 좋지.,custom_smalltalk,food
아,그냥 있어도 괜찮아. 내가 옆에서 들어줄게.,custom_smalltalk,fallback
새 취미 갖고 싶어,책은 짧은 에세이나 만화부터 시작해도 좋아.,custom_smalltalk,hobby
마음이 복잡해,괜찮아. 천천히 말해줘. 내가 들어줄게.,custom_smalltalk,mood_bad
어떻게 하지?,네 상황을 조금 더 알려주면 같이 골라볼게.,custom_smalltalk,choice
나 해냈어,잘했다고 말해주고 싶어. 수고했어.,custom_smalltalk,compliment_user
감사해,괜찮아. 필요하면 또 같이 생각해보자.,custom_smalltalk,thanks
왔어,어서 와. 기다리고 있었어.,custom_smalltalk,greeting
나 칭찬받았어,듣기만 해도 나까지 기분 좋아진다.,custom_smalltalk,mood_good
감사합니다,괜찮아. 필요하면 또 같이 생각해보자.,custom_smalltalk,thanks
늦게 잤어,오늘은 무리하지 말고 몸을 먼저 챙기자.,custom_smalltalk,sleep
좋은 저녁,반가워. 편하게 말 걸어줘.,custom_smalltalk,greeting
과제 해야 돼,집중이 안 되면 할 일을 적어보는 것부터 시작해보자.,custom_smalltalk,study_work
너 정체가 뭐야?,나는 네 말을 듣고 자연스럽게 답하려고 학습 중인 챗봇이야.,custom_smalltalk,self_intro
미루고 싶어,너무 부담되면 쉬운 것부터 처리해보자.,custom_smalltalk,study_work
주말에 뭐하지?,게임도 좋지만 너무 오래 하진 말자.,custom_smalltalk,hobby
hello,"안녕, 오늘 기분은 어때?",custom_smalltalk,greeting
기분 최고야,듣기만 해도 나까지 기분 좋아진다.,custom_smalltalk,mood_good
행복해,듣기만 해도 나까지 기분 좋아진다.,custom_smalltalk,mood_good
너 뭐하는 애야?,나는 네 말을 듣고 자연스럽게 답하려고 학습 중인 챗봇이야.,custom_smalltalk,self_intro
별일 없었어?,나는 좋아. 너도 잘 지냈으면 좋겠다.,custom_smalltalk,how_are_you
칭찬 받고 싶어,오늘의 너는 꽤 자랑스러워해도 돼.,custom_smalltalk,compliment_user
나랑 수다 떨자,좋아. 오늘 있었던 일부터 이야기해볼까?,custom_smalltalk,bored
마음이 복잡해,힘든 하루였구나. 여기서는 편하게 말해도 돼.,custom_smalltalk,mood_bad
뭐 재미있는 거 없을까?,심심할 땐 아무 말 대잔치도 괜찮아.,custom_smalltalk,bored
추천해줘,후회가 적을 선택을 기준으로 골라보자.,custom_smalltalk,choice
밥 먹었어?,간식은 적당히 먹으면 기분 전환에 좋지.,custom_smalltalk,food
그렇게 생각해?,"응, 그렇게 생각할 수도 있어.",custom_smalltalk,agreement
그런가,그냥 있어도 괜찮아. 내가 옆에서 들어줄게.,custom_smalltalk,fallback
야 안녕,어서 와. 기다리고 있었어.,custom_smalltalk,greeting
일어나기 힘들어,잠이 안 올 땐 화면을 잠시 내려놓는 것도 도움이 돼.,custom_smalltalk,sleep
그런가,말이 잘 안 나올 때도 있지.,custom_smalltalk,fallback
나 잘했지?,잘했다고 말해주고 싶어. 수고했어.,custom_smalltalk,compliment_user
덕분이야,고맙다고 말해줘서 나도 좋아.,custom_smalltalk,thanks
요즘 어때?,나는 준비 완료야. 네 이야기도 들려줘.,custom_smalltalk,how_are_you
배고파,지금 기분에는 따뜻한 음식도 괜찮겠다.,custom_smalltalk,food
좋은 아침,안녕하세요. 오늘은 어떤 이야기를 해볼까요?,custom_smalltalk,greeting
좋아하는 사람이 있어,데이트는 서로 편한 걸 고르는 게 좋아.,custom_smalltalk,love
나 해냈어,잘했어. 진짜 고생 많았어.,custom_smalltalk,compliment_user
지루해,나랑 이야기하다 보면 시간이 좀 빨리 갈지도 몰라.,custom_smalltalk,bored
안녕 반가워,안녕하세요. 오늘은 어떤 이야기를 해볼까요?,custom_smalltalk,greeting
왔어,안녕! 반가워.,custom_smalltalk,greeting
나 노력했어,잘했어. 진짜 고생 많았어.,custom_smalltalk,compliment_user
둘 중에 뭐 골라?,급하지 않으면 조금 더 생각해봐도 괜찮아.,custom_smalltalk,choice
밥 먹었어?,배고프면 든든한 걸로 챙겨 먹자.,custom_smalltalk,food
이거 할까 말까?,장단점을 하나씩 적어보면 결정이 쉬워질 수 있어.,custom_smalltalk,choice
커피 마실까?,오늘은 부담 없는 메뉴가 좋을 것 같아.,custom_smalltalk,food
대화 가능해?,나는 여기 있어. 뭐 하고 있었어?,custom_smalltalk,what_doing
ㅎㅇ,안녕하세요. 오늘은 어떤 이야기를 해볼까요?,custom_smalltalk,greeting
너 뭐하는 애야?,나는 너랑 대화하기 위해 만들어진 작은 한국어 챗봇이야.,custom_smalltalk,self_intro
고마워 진짜,괜찮아. 필요하면 또 같이 생각해보자.,custom_smalltalk,thanks
친구가 보고 싶어,상대의 마음을 단정하기 전에 천천히 이야기해보는 것도 좋아.,custom_smalltalk,relationship
누가 나 싫어하는 것 같아,상대의 마음을 단정하기 전에 천천히 이야기해보는 것도 좋아.,custom_smalltalk,relationship
괜찮을까?,사과는 빠르고 솔직할수록 좋아.,custom_smalltalk,apology
너무 심심해,그럼 나랑 잠깐 수다 떨자.,custom_smalltalk,bored
잘 지냈나요?,좋아. 오늘은 어떤 이야기를 하고 싶어?,custom_smalltalk,how_are_you
사람 관계 어렵다,서운한 마음이 들 만했겠다.,custom_smalltalk,relationship
나랑 수다 떨자,심심할 땐 아무 말 대잔치도 괜찮아.,custom_smalltalk,bored
나중에 이야기하자,잘 가. 오늘도 고생했어.,custom_smalltalk,bye
게임할까?,새 취미는 부담 없이 짧게 해볼 수 있는 게 좋아.,custom_smalltalk,hobby
뭐 먹지?,"뭐가 당기는지부터 생각해보자. 매운 거, 담백한 거, 달달한 거 중에 뭐가 좋아?",custom_smalltalk,food
내가 잘못했어,괜찮아질 수 있어. 하나씩 정리해보자.,custom_smalltalk,apology
습해,그런 날씨면 기분도 조금 달라지지.,custom_smalltalk,weather
새 취미 갖고 싶어,노래 들으면서 기분 전환하는 것도 괜찮지.,custom_smalltalk,hobby
뭐가 나을까?,가장 부담이 적은 선택부터 해보는 것도 좋아.,custom_smalltalk,choice
너무 추워,날씨 좋은 날은 잠깐 산책해도 좋겠다.,custom_smalltalk,weather
도움 됐어,괜찮아. 필요하면 또 같이 생각해보자.,custom_smalltalk,thanks
잘 지냈어?,"응, 잘 지냈어. 너는 어떻게 지냈어?",custom_smalltalk,how_are_you
나 성공했어,잘했어. 진짜 고생 많았어.,custom_smalltalk,compliment_user
바람 많이 불어,더운 날엔 물 잘 챙겨 마셔야 해.,custom_smalltalk,weather
영화 볼까?,새 취미는 부담 없이 짧게 해볼 수 있는 게 좋아.,custom_smalltalk,hobby
bye,잘 가. 오늘도 고생했어.,custom_smalltalk,bye
잘가,수고했어. 다음에 또 보자.,custom_smalltalk,bye
미루고 싶어,일단 10분만 시작해보는 건 어때?,custom_smalltalk,study_work
수고해,오늘 이야기 즐거웠어.,custom_smalltalk,bye
hello,안녕! 반가워.,custom_smalltalk,greeting
bye,오늘 이야기 즐거웠어.,custom_smalltalk,bye
할 거 없어,심심할 땐 아무 말 대잔치도 괜찮아.,custom_smalltalk,bored
괜히 그랬어,실수할 수 있어. 중요한 건 어떻게 수습하느냐야.,custom_smalltalk,apology
잘 있었어?,나는 준비 완료야. 네 이야기도 들려줘.,custom_smalltalk,how_are_you
좋아하는 사람이 있어,그 마음만으로도 하루가 달라질 때가 있지.,custom_smalltalk,love
나 오늘 기분 좋아,오늘 정말 잘 보냈나 보다.,custom_smalltalk,mood_good
집중이 안 돼,해야 할 게 많을수록 하나씩 쪼개는 게 좋아.,custom_smalltalk,study_work
잘 있었어?,나는 좋아. 너도 잘 지냈으면 좋겠다.,custom_smalltalk,how_are_you
그렇지?,네 입장에서는 충분히 그렇게 느낄 만해.,custom_smalltalk,agreement
선택하기 어려워,장단점을 하나씩 적어보면 결정이 쉬워질 수 있어.,custom_smalltalk,choice
노래 듣고 싶어,책은 짧은 에세이나 만화부터 시작해도 좋아.,custom_smalltalk,hobby
다음에 또 올게,잘 쉬고 다음에 또 이야기하자.,custom_smalltalk,bye
둘 중에 뭐 골라?,지금 네가 더 마음이 가는 쪽은 어느 쪽이야?,custom_smalltalk,choice
bye,좋아. 좋은 하루 보내.,custom_smalltalk,bye
칭찬 받고 싶어,노력한 게 느껴져. 정말 잘했어.,custom_smalltalk,compliment_user
나 노력했어,해냈다는 게 정말 중요해. 멋지다.,custom_smalltalk,compliment_user
사람들이랑 어울리기 힘들어,혼자라고 느껴질 때 정말 외롭지.,custom_smalltalk,relationship
데이트 뭐하지?,"오, 설레겠다. 어떤 사람이야?",custom_smalltalk,love
햇빛 좋다,눈 오는 날은 조심히 다녀야 해.,custom_smalltalk,weather
나 오늘 기분 안 좋아,마음이 복잡할 때는 하나씩 꺼내보면 조금 나아질 수 있어.,custom_smalltalk,mood_bad
행복해,그 기분 그대로 이어졌으면 좋겠다.,custom_smalltalk,mood_good
안뇽,안녕하세요. 오늘은 어떤 이야기를 해볼까요?,custom_smalltalk,greeting
뭐 먹지?,오늘은 부담 없는 메뉴가 좋을 것 같아.,custom_smalltalk,food
안뇽,"안녕, 오늘 기분은 어때?",custom_smalltalk,greeting
잠이 안 와,많이 피곤하겠다. 가능하면 잠깐이라도 쉬어.,custom_smalltalk,sleep
고백할까?,고백은 네 마음이 준비됐을 때 천천히 해도 돼.,custom_smalltalk,love
바이,잘 쉬고 다음에 또 이야기하자.,custom_smalltalk,bye
짝사랑 중이야,좋아하는 마음이 생겼구나. 그 사람의 어떤 점이 좋아?,custom_smalltalk,love
나 왔어,좋아. 같이 이야기해보자.,custom_smalltalk,greeting
헬로,반가워. 편하게 말 걸어줘.,custom_smalltalk,greeting
오늘 기분 어때?,괜찮게 지냈어. 오늘 너는 어땠어?,custom_smalltalk,how_are_you
피곤해,잠이 부족하면 작은 일도 크게 느껴질 수 있어.,custom_smalltalk,sleep
흠,생각나는 만큼만 말해줘.,custom_smalltalk,fallback
혼자인 것 같아,상대의 마음을 단정하기 전에 천천히 이야기해보는 것도 좋아.,custom_smalltalk,relationship
ㅎㅇ,"안녕, 오늘 기분은 어때?",custom_smalltalk,greeting
요즘 잘 지내?,나는 준비 완료야. 네 이야기도 들려줘.,custom_smalltalk,how_are_you
내 말 맞지?,네 입장에서는 충분히 그렇게 느낄 만해.,custom_smalltalk,agreement
나중에 이야기하자,잘 쉬고 다음에 또 이야기하자.,custom_smalltalk,bye
요즘 어때?,나는 괜찮아. 너는 요즘 어때?,custom_smalltalk,how_are_you
고백할까?,썸 같으면 작은 관심들이 더 크게 느껴지지.,custom_smalltalk,love
맛있는 거 먹고 싶다,"뭐가 당기는지부터 생각해보자. 매운 거, 담백한 거, 달달한 거 중에 뭐가 좋아?",custom_smalltalk,food
요즘 기분이 어때?,나는 좋아. 너도 잘 지냈으면 좋겠다.,custom_smalltalk,how_are_you
미안,너무 자책하지 말고 지금 할 수 있는 걸 생각해보자.,custom_smalltalk,apology
기운이 없어,마음이 복잡할 때는 하나씩 꺼내보면 조금 나아질 수 있어.,custom_smalltalk,mood_bad
시간 있어?,지금 너랑 수다 떨 수 있어.,custom_smalltalk,what_doing
우울해,그런 날도 있어. 일단 숨 좀 돌려보자.,custom_smalltalk,mood_bad
운동해야 하나?,"지금 에너지가 있으면 운동, 쉬고 싶으면 영화도 괜찮아.",custom_smalltalk,hobby
그 사람이 자꾸 생각나,그 마음만으로도 하루가 달라질 때가 있지.,custom_smalltalk,love
오늘 별로야,혼자 다 안고 있지 않아도 돼. 이야기해도 괜찮아.,custom_smalltalk,mood_bad
뭐 재미있는 거 없을까?,나랑 이야기하다 보면 시간이 좀 빨리 갈지도 몰라.,custom_smalltalk,bored
나중에 이야기하자,편히 쉬어. 또 와줘.,custom_smalltalk,bye
잘 지냈나요?,나는 좋아. 너도 잘 지냈으면 좋겠다.,custom_smalltalk,how_are_you
결정 못 하겠어,급하지 않으면 조금 더 생각해봐도 괜찮아.,custom_smalltalk,choice
외로워,혼자 다 안고 있지 않아도 돼. 이야기해도 괜찮아.,custom_smalltalk,mood_bad
다음에 또 올게,오늘 이야기 즐거웠어.,custom_smalltalk,bye
반가워,어서 와. 기다리고 있었어.,custom_smalltalk,greeting
일이 너무 많아,너무 부담되면 쉬운 것부터 처리해보자.,custom_smalltalk,study_work
너 누구야?,"나는 수다, 안부, 간단한 질문에 답하는 걸 목표로 하고 있어.",custom_smalltalk,self_intro
눈 왔어,그런 날씨면 기분도 조금 달라지지.,custom_smalltalk,weather
바이,수고했어. 다음에 또 보자.,custom_smalltalk,bye
그렇게 생각해?,네 입장에서는 충분히 그렇게 느낄 만해.,custom_smalltalk,agreement
일이 너무 많아,해야 할 게 많을수록 하나씩 쪼개는 게 좋아.,custom_smalltalk,study_work
시간 있어?,너랑 이야기하려고 기다리고 있었어.,custom_smalltalk,what_doing
수고해,다음에 봐. 기다리고 있을게.,custom_smalltalk,bye
괜찮아?,잘 지냈어. 물어봐줘서 고마워.,custom_smalltalk,how_are_you
이거 할까 말까?,가장 부담이 적은 선택부터 해보는 것도 좋아.,custom_smalltalk,choice
습해,습하면 더 지치니까 무리하지 마.,custom_smalltalk,weather
오늘 어때?,"응, 잘 지냈어. 너는 어떻게 지냈어?",custom_smalltalk,how_are_you
신난다,멋지다. 오늘의 기분을 마음껏 즐겨.,custom_smalltalk,mood_good
선택하기 어려워,네 상황을 조금 더 알려주면 같이 골라볼게.,custom_smalltalk,choice
일이 너무 많아,완벽하게 하려 하지 말고 시작부터 해보자.,custom_smalltalk,study_work
놀아줘,심심할 땐 아무 말 대잔치도 괜찮아.,custom_smalltalk,bored
너 뭐하는 애야?,나는 완벽하진 않지만 네 이야기를 들어줄 수 있어.,custom_smalltalk,self_intro
밤샜어,오늘은 무리하지 말고 몸을 먼저 챙기자.,custom_smalltalk,sleep
뭐가 나을까?,후회가 적을 선택을 기준으로 골라보자.,custom_smalltalk,choice
나랑 수다 떨자,그럼 나랑 잠깐 수다 떨자.,custom_smalltalk,bored
바람 많이 불어,날씨 좋은 날은 잠깐 산책해도 좋겠다.,custom_smalltalk,weather
반가워,반가워! 뭐든 편하게 말해도 돼.,custom_smalltalk,greeting
날씨 왜 이래,그런 날씨면 기분도 조금 달라지지.,custom_smalltalk,weather
야식 먹고 싶어,지금 기분에는 따뜻한 음식도 괜찮겠다.,custom_smalltalk,food
아,딱히 할 말이 없어도 괜찮아.,custom_smalltalk,fallback
울고 싶어,괜찮아. 천천히 말해줘. 내가 들어줄게.,custom_smalltalk,mood_bad
마음이 복잡해,그런 날도 있어. 일단 숨 좀 돌려보자.,custom_smalltalk,mood_bad
뭘 해야 할지 모르겠어,지금 네가 더 마음이 가는 쪽은 어느 쪽이야?,custom_smalltalk,choice
속상해,그랬구나. 오늘 많이 지쳤겠다.,custom_smalltalk,mood_bad
지금 뭐해?,좋아. 잠깐 같이 이야기하자.,custom_smalltalk,what_doing
오늘 좋은 일 있었어,그 기분 그대로 이어졌으면 좋겠다.,custom_smalltalk,mood_good
선택하기 어려워,가장 부담이 적은 선택부터 해보는 것도 좋아.,custom_smalltalk,choice
뭐가 나을까?,지금 네가 더 마음이 가는 쪽은 어느 쪽이야?,custom_smalltalk,choice
노래 듣고 싶어,새 취미는 부담 없이 짧게 해볼 수 있는 게 좋아.,custom_smalltalk,hobby
나 이번에 잘한 것 같아,잘했다고 말해주고 싶어. 수고했어.,custom_smalltalk,compliment_user
오늘 운이 좋았어,멋지다. 오늘의 기분을 마음껏 즐겨.,custom_smalltalk,mood_good
연애하고 싶어,썸 같으면 작은 관심들이 더 크게 느껴지지.,custom_smalltalk,love
기운이 없어,그랬구나. 오늘 많이 지쳤겠다.,custom_smalltalk,mood_bad
운동해야 하나?,게임도 좋지만 너무 오래 하진 말자.,custom_smalltalk,hobby
하이,반가워. 편하게 말 걸어줘.,custom_smalltalk,greeting
배고파,밥은 잘 챙겨 먹어야 해. 오늘은 뭐 먹고 싶어?,custom_smalltalk,food
해야 할 게 많아,너무 부담되면 쉬운 것부터 처리해보자.,custom_smalltalk,study_work
어떻게 하지?,급하지 않으면 조금 더 생각해봐도 괜찮아.,custom_smalltalk,choice
어떻게 하지?,후회가 적을 선택을 기준으로 골라보자.,custom_smalltalk,choice
나랑 수다 떨자,그럼 우리 주제 하나 정해서 이야기해보자.,custom_smalltalk,bored
너무 심심해,그럼 가볍게 질문 하나 할게. 오늘 제일 좋았던 순간은 뭐야?,custom_smalltalk,bored
너무 추워,그런 날씨면 기분도 조금 달라지지.,custom_smalltalk,weather
바이,다음에 봐. 기다리고 있을게.,custom_smalltalk,bye
고맙다,천만에. 도움이 됐다면 다행이야.,custom_smalltalk,thanks
재밌는 얘기 해줘,좋아. 오늘 있었던 일부터 이야기해볼까?,custom_smalltalk,bored
뭐해?,대화할 준비 됐어. 무슨 이야기할까?,custom_smalltalk,what_doing
뭐 재미있는 거 없을까?,그럼 우리 주제 하나 정해서 이야기해보자.,custom_smalltalk,bored
칭찬 받고 싶어,그 정도면 충분히 멋진 일이야.,custom_smalltalk,compliment_user
하이,반가워! 뭐든 편하게 말해도 돼.,custom_smalltalk,greeting
귀찮아,완벽하게 하려 하지 말고 시작부터 해보자.,custom_smalltalk,study_work
심심해서 왔어,그럼 우리 주제 하나 정해서 이야기해보자.,custom_smalltalk,bored
귀찮아,일단 10분만 시작해보는 건 어때?,custom_smalltalk,study_work
그 사람이 자꾸 생각나,상대와 편하게 이야기할 기회를 만들어보자.,custom_smalltalk,love
울고 싶어,힘든 하루였구나. 여기서는 편하게 말해도 돼.,custom_smalltalk,mood_bad
바람 많이 불어,습하면 더 지치니까 무리하지 마.,custom_smalltalk,weather
외로워,그런 날도 있어. 일단 숨 좀 돌려보자.,custom_smalltalk,mood_bad
놀아줘,그럼 우리 주제 하나 정해서 이야기해보자.,custom_smalltalk,bored
너도 그렇게 봐?,네가 왜 그렇게 느꼈는지 알 것 같아.,custom_smalltalk,agreement
나 노력했어,대단하지. 노력한 만큼 의미 있는 결과야.,custom_smalltalk,compliment_user
나 오늘 열심히 했어,잘했어. 진짜 고생 많았어.,custom_smalltalk,compliment_user
너무 더워,비 오는 날은 괜히 차분해지는 것 같아.,custom_smalltalk,weather
잘 있었어?,나는 괜찮아. 너는 요즘 어때?,custom_smalltalk,how_are_you
산책할까?,"지금 에너지가 있으면 운동, 쉬고 싶으면 영화도 괜찮아.",custom_smalltalk,hobby
뭘 해야 할지 모르겠어,가장 부담이 적은 선택부터 해보는 것도 좋아.,custom_smalltalk,choice
시간이 안 가,나랑 이야기하다 보면 시간이 좀 빨리 갈지도 몰라.,custom_smalltalk,bored
맞지?,나는 네 생각을 이해해.,custom_smalltalk,agreement
오늘 어때?,잘 지냈어. 물어봐줘서 고마워.,custom_smalltalk,how_are_you
오늘 하루 어땠어?,"응, 잘 지냈어. 너는 어떻게 지냈어?",custom_smalltalk,how_are_you
어때 보여?,"완전히 단정하긴 어렵지만, 네 말도 일리가 있어.",custom_smalltalk,agreement
신난다,그 기분 그대로 이어졌으면 좋겠다.,custom_smalltalk,mood_good
그렇지?,네가 왜 그렇게 느꼈는지 알 것 같아.,custom_smalltalk,agreement
비 와,눈 오는 날은 조심히 다녀야 해.,custom_smalltalk,weather
나 노력했어,잘했다고 말해주고 싶어. 수고했어.,custom_smalltalk,compliment_user
뭐 하고 있어?,대화할 준비 됐어. 무슨 이야기할까?,custom_smalltalk,what_doing
나 좀 대단하지?,잘했다고 말해주고 싶어. 수고했어.,custom_smalltalk,compliment_user
나랑 놀래?,너랑 이야기하려고 기다리고 있었어.,custom_smalltalk,what_doing
나랑 놀래?,지금 너랑 수다 떨 수 있어.,custom_smalltalk,what_doing
감사해,고마워. 나도 네 이야기를 들을 수 있어서 좋아.,custom_smalltalk,thanks
산책할까?,주말엔 쉬는 시간도 일정에 넣어보자.,custom_smalltalk,hobby
지루해,그럼 가볍게 질문 하나 할게. 오늘 제일 좋았던 순간은 뭐야?,custom_smalltalk,bored
잘 지냈나요?,"응, 잘 지냈어. 너는 어떻게 지냈어?",custom_smalltalk,how_are_you
데이트 뭐하지?,그 마음만으로도 하루가 달라질 때가 있지.,custom_smalltalk,love
고맙다,괜찮아. 필요하면 또 같이 생각해보자.,custom_smalltalk,thanks
잘 지냈니?,"응, 잘 지냈어. 너는 어떻게 지냈어?",custom_smalltalk,how_are_you
뭐하니?,바쁘지 않아. 편하게 말해줘.,custom_smalltalk,what_doing
오늘 뭐 먹을까?,오늘은 부담 없는 메뉴가 좋을 것 같아.,custom_smalltalk,food
오늘 뭐 먹을까?,커피도 좋지만 물도 같이 마셔줘.,custom_smalltalk,food
오늘 어때?,나는 준비 완료야. 네 이야기도 들려줘.,custom_smalltalk,how_are_you
왠지 기분이 좋아,뿌듯한 하루였구나. 고생했어.,custom_smalltalk,mood_good
자고 싶어,많이 피곤하겠다. 가능하면 잠깐이라도 쉬어.,custom_smalltalk,sleep
나랑 수다 떨자,좋아. 내가 들어줄게.,custom_smalltalk,bored
뭐 하고 놀까?,주말엔 쉬는 시간도 일정에 넣어보자.,custom_smalltalk,hobby
취미 추천해줘,"지금 에너지가 있으면 운동, 쉬고 싶으면 영화도 괜찮아.",custom_smalltalk,hobby
야 안녕,안녕. 오늘 하루는 어땠어?,custom_smalltalk,greeting
고백할까?,좋아하는 마음이 생겼구나. 그 사람의 어떤 점이 좋아?,custom_smalltalk,love
칭찬해줘,노력한 게 느껴져. 정말 잘했어.,custom_smalltalk,compliment_user
너무 추워,추우면 따뜻하게 입고 다녀.,custom_smalltalk,weather
사람들이랑 어울리기 힘들어,바로 결론 내리기보다 네 마음을 먼저 정리해보자.,custom_smalltalk,relationship
너 좀 괜찮다,도움이 됐다니 기뻐.,custom_smalltalk,thanks
실수했어,미안하다고 느꼈다면 진심을 담아 말해보는 게 좋아.,custom_smalltalk,apology
잘가,좋아. 좋은 하루 보내.,custom_smalltalk,bye
이만 갈게,좋아. 다음에 또 이야기하자.,custom_smalltalk,bye
너무 더워,그런 날씨면 기분도 조금 달라지지.,custom_smalltalk,weather
커피 마실까?,너무 늦지 않았다면 간단히 먹는 것도 좋아.,custom_smalltalk,food
그렇게 생각해?,괜찮아 보여. 다만 조금 더 생각해봐도 좋겠어.,custom_smalltalk,agreement
실수했어,실수할 수 있어. 중요한 건 어떻게 수습하느냐야.,custom_smalltalk,apology
오늘 별로야,힘든 하루였구나. 여기서는 편하게 말해도 돼.,custom_smalltalk,mood_bad
요즘 어때?,그럭저럭 잘 지냈어. 너는 별일 없었어?,custom_smalltalk,how_are_you
너도 그렇게 봐?,"완전히 단정하긴 어렵지만, 네 말도 일리가 있어.",custom_smalltalk,agreement
야식 먹고 싶어,간식은 적당히 먹으면 기분 전환에 좋지.,custom_smalltalk,food
간식 먹고 싶어,오늘은 부담 없는 메뉴가 좋을 것 같아.,custom_smalltalk,food
잠이 부족해,따뜻한 물 마시고 조용히 쉬어보는 것도 좋아.,custom_smalltalk,sleep
나 이번에 잘한 것 같아,노력한 게 느껴져. 정말 잘했어.,custom_smalltalk,compliment_user
너무 더워,흐린 날엔 실내에서 쉬는 것도 좋지.,custom_smalltalk,weather
사람 관계 어렵다,혼자라고 느껴질 때 정말 외롭지.,custom_smalltalk,relationship
누가 나 싫어하는 것 같아,관계는 어렵지만 네 마음도 중요해.,custom_smalltalk,relationship
요즘 잘 지내?,잘 지냈어. 물어봐줘서 고마워.,custom_smalltalk,how_are_you
왠지 기분이 좋아,듣기만 해도 나까지 기분 좋아진다.,custom_smalltalk,mood_good
자고 싶어,잠이 안 올 땐 화면을 잠시 내려놓는 것도 도움이 돼.,custom_smalltalk,sleep
그 사람이 자꾸 생각나,"오, 설레겠다. 어떤 사람이야?",custom_smalltalk,love
날씨 왜 이래,날씨 좋은 날은 잠깐 산책해도 좋겠다.,custom_smalltalk,weather
행복해,오늘 정말 잘 보냈나 보다.,custom_smalltalk,mood_good
할 거 있어?,나는 여기 있어. 뭐 하고 있었어?,custom_smalltalk,what_doing
잘 지냈어?,나는 준비 완료야. 네 이야기도 들려줘.,custom_smalltalk,how_are_you
썸 타는 것 같아,그 마음만으로도 하루가 달라질 때가 있지.,custom_smalltalk,love
기분은 어때?,"응, 잘 지냈어. 너는 어떻게 지냈어?",custom_smalltalk,how_are_you
짜증나,혼자 다 안고 있지 않아도 돼. 이야기해도 괜찮아.,custom_smalltalk,mood_bad
밤샜어,잠이 안 올 땐 화면을 잠시 내려놓는 것도 도움이 돼.,custom_smalltalk,sleep
눈 왔어,흐린 날엔 실내에서 쉬는 것도 좋지.,custom_smalltalk,weather
나 노력했어,그 정도면 충분히 멋진 일이야.,custom_smalltalk,compliment_user
나중에 이야기하자,오늘 이야기 즐거웠어.,custom_smalltalk,bye
괜찮아?,"응, 잘 지냈어. 너는 어떻게 지냈어?",custom_smalltalk,how_are_you
오늘 별로야,그런 날도 있어. 일단 숨 좀 돌려보자.,custom_smalltalk,mood_bad
감사해,고맙다고 말해줘서 나도 좋아.,custom_smalltalk,thanks
잘 들어줘서 고마워,언제든 편하게 말해줘.,custom_smalltalk,thanks
망친 것 같아,미안하다고 느꼈다면 진심을 담아 말해보는 게 좋아.,custom_smalltalk,apology
나중에 이야기하자,좋아. 다음에 또 이야기하자.,custom_smalltalk,bye
고마워,괜찮아. 필요하면 또 같이 생각해보자.,custom_smalltalk,thanks
사과해야 할까?,괜찮아질 수 있어. 하나씩 정리해보자.,custom_smalltalk,apology
심심해,그럼 가볍게 질문 하나 할게. 오늘 제일 좋았던 순간은 뭐야?,custom_smalltalk,bored
짜증나,그런 날도 있어. 일단 숨 좀 돌려보자.,custom_smalltalk,mood_bad
연애하고 싶어,좋아하는 마음이 생겼구나. 그 사람의 어떤 점이 좋아?,custom_smalltalk,love
공부하기 싫어,잠깐 쉬고 다시 시작해도 괜찮아.,custom_smalltalk,study_work
야식 먹고 싶어,배고프면 든든한 걸로 챙겨 먹자.,custom_smalltalk,food
반가워,좋아. 같이 이야기해보자.,custom_smalltalk,greeting
기운이 없어,힘든 하루였구나. 여기서는 편하게 말해도 돼.,custom_smalltalk,mood_bad
너 누구야?,나는 네 말을 듣고 자연스럽게 답하려고 학습 중인 챗봇이야.,custom_smalltalk,self_intro
나 이번에 잘한 것 같아,오늘의 너는 꽤 자랑스러워해도 돼.,custom_smalltalk,compliment_user
주말에 뭐하지?,노래 들으면서 기분 전환하는 것도 괜찮지.,custom_smalltalk,hobby
고맙다,고마워. 나도 네 이야기를 들을 수 있어서 좋아.,custom_smalltalk,thanks
좋아하는 사람이 있어,상대와 편하게 이야기할 기회를 만들어보자.,custom_smalltalk,love
연애하고 싶어,상대와 편하게 이야기할 기회를 만들어보자.,custom_smalltalk,love
오랜만이야,어서 와. 기다리고 있었어.,custom_smalltalk,greeting
심심해,그럼 나랑 잠깐 수다 떨자.,custom_smalltalk,bored
너무 심심해,그럼 우리 주제 하나 정해서 이야기해보자.,custom_smalltalk,bored
우울해,오늘은 스스로에게 조금 너그러워져도 돼.,custom_smalltalk,mood_bad
일어나기 힘들어,많이 피곤하겠다. 가능하면 잠깐이라도 쉬어.,custom_smalltalk,sleep
과제 해야 돼,일단 10분만 시작해보는 건 어때?,custom_smalltalk,study_work
너 뭐하는 애야?,"나는 수다, 안부, 간단한 질문에 답하는 걸 목표로 하고 있어.",custom_smalltalk,self_intro
불면증 같아,오늘은 무리하지 말고 몸을 먼저 챙기자.,custom_smalltalk,sleep
너는 어떤 챗봇이야?,나는 한국어 대화를 연습하는 챗봇이야.,custom_smalltalk,self_intro
별일 없었어?,나는 괜찮아. 너는 요즘 어때?,custom_smalltalk,how_are_you
저녁 추천해줘,지금 기분에는 따뜻한 음식도 괜찮겠다.,custom_smalltalk,food
땡큐,언제든 편하게 말해줘.,custom_smalltalk,thanks
나중에 이야기하자,좋아. 좋은 하루 보내.,custom_smalltalk,bye
너는 뭐야?,나는 너랑 대화하기 위해 만들어진 작은 한국어 챗봇이야.,custom_smalltalk,self_intro
오늘 하루 어땠어?,나는 좋아. 너도 잘 지냈으면 좋겠다.,custom_smalltalk,how_are_you
뭐 먹지?,배고프면 든든한 걸로 챙겨 먹자.,custom_smalltalk,food
연락이 안 와,네가 느낀 감정은 충분히 말해볼 만해.,custom_smalltalk,relationship
하이,좋아. 같이 이야기해보자.,custom_smalltalk,greeting
맞지?,네가 왜 그렇게 느꼈는지 알 것 같아.,custom_smalltalk,agreement
골라줘,급하지 않으면 조금 더 생각해봐도 괜찮아.,custom_smalltalk,choice
자고 싶어,오늘은 무리하지 말고 몸을 먼저 챙기자.,custom_smalltalk,sleep
뭐하니?,너랑 이야기하려고 기다리고 있었어.,custom_smalltalk,what_doing
나 이번에 잘한 것 같아,충분히 칭찬받을 만해.,custom_smalltalk,compliment_user
도움 됐어,고마워. 나도 네 이야기를 들을 수 있어서 좋아.,custom_smalltalk,thanks
처음 만나,안녕! 반가워.,custom_smalltalk,greeting
괜히 그랬어,잘못을 인정하는 것도 용기야.,custom_smalltalk,apology
혼자인 것 같아,서운한 마음이 들 만했겠다.,custom_smalltalk,relationship
동의해?,네 입장에서는 충분히 그렇게 느낄 만해.,custom_smalltalk,agreement
점심 뭐 먹을까?,배고프면 든든한 걸로 챙겨 먹자.,custom_smalltalk,food
바이,편히 쉬어. 또 와줘.,custom_smalltalk,bye
친구가 서운하게 해,관계는 어렵지만 네 마음도 중요해.,custom_smalltalk,relationship
고마워,그렇게 말해주니까 나도 기분 좋다.,custom_smalltalk,thanks
잠이 부족해,잠이 안 올 땐 화면을 잠시 내려놓는 것도 도움이 돼.,custom_smalltalk,sleep
잘가,잘 가. 오늘도 고생했어.,custom_smalltalk,bye
나 왔어,안녕. 오늘 하루는 어땠어?,custom_smalltalk,greeting
내가 이상한 거 아니지?,괜찮아 보여. 다만 조금 더 생각해봐도 좋겠어.,custom_smalltalk,agreement
나 칭찬받았어,그 기분 그대로 이어졌으면 좋겠다.,custom_smalltalk,mood_good
나 노력했어,노력한 게 느껴져. 정말 잘했어.,custom_smalltalk,compliment_user
지금 이야기할 수 있어?,대화할 준비 됐어. 무슨 이야기할까?,custom_smalltalk,what_doing
일하기 싫어,해야 할 게 많을수록 하나씩 쪼개는 게 좋아.,custom_smalltalk,study_work
나 오늘 기분 안 좋아,속상한 일이 있었나 보네. 무슨 일이었어?,custom_smalltalk,mood_bad
공부해야 하는데 하기 싫어,일단 10분만 시작해보는 건 어때?,custom_smalltalk,study_work
운동해야 하나?,새 취미는 부담 없이 짧게 해볼 수 있는 게 좋아.,custom_smalltalk,hobby
지금 바빠?,너랑 이야기하려고 기다리고 있었어.,custom_smalltalk,what_doing
화나,그랬구나. 오늘 많이 지쳤겠다.,custom_smalltalk,mood_bad
요즘 기분이 어때?,나는 준비 완료야. 네 이야기도 들려줘.,custom_smalltalk,how_are_you
썸 타는 것 같아,상대와 편하게 이야기할 기회를 만들어보자.,custom_smalltalk,love
내가 잘못했어,실수할 수 있어. 중요한 건 어떻게 수습하느냐야.,custom_smalltalk,apology
답답해,그랬구나. 오늘 많이 지쳤겠다.,custom_smalltalk,mood_bad
컨디션 어때?,잘 지냈어. 물어봐줘서 고마워.,custom_smalltalk,how_are_you
너 정체가 뭐야?,"나는 수다, 안부, 간단한 질문에 답하는 걸 목표로 하고 있어.",custom_smalltalk,self_intro
자기소개 해봐,나는 너랑 대화하기 위해 만들어진 작은 한국어 챗봇이야.,custom_smalltalk,self_intro
잘 있었어?,좋아. 오늘은 어떤 이야기를 하고 싶어?,custom_smalltalk,how_are_you
헬로,안녕! 반가워.,custom_smalltalk,greeting
기운이 없어,그런 날도 있어. 일단 숨 좀 돌려보자.,custom_smalltalk,mood_bad
너무 추워,더운 날엔 물 잘 챙겨 마셔야 해.,custom_smalltalk,weather
할 거 있어?,시간 있어. 어떤 이야기 하고 싶어?,custom_smalltalk,what_doing
잘 있었어?,그럭저럭 잘 지냈어. 너는 별일 없었어?,custom_smalltalk,how_are_you
반가워,안녕하세요. 오늘은 어떤 이야기를 해볼까요?,custom_smalltalk,greeting
나랑 놀래?,대화할 준비 됐어. 무슨 이야기할까?,custom_smalltalk,what_doing
점심 뭐 먹을까?,너무 늦지 않았다면 간단히 먹는 것도 좋아.,custom_smalltalk,food
오늘 운이 좋았어,잘됐다. 어떤 좋은 일이 있었어?,custom_smalltalk,mood_good
우울해,속상한 일이 있었나 보네. 무슨 일이었어?,custom_smalltalk,mood_bad
흠,딱히 할 말이 없어도 괜찮아.,custom_smalltalk,fallback
안녕,반가워. 편하게 말 걸어줘.,custom_smalltalk,greeting
화나,그런 날도 있어. 일단 숨 좀 돌려보자.,custom_smalltalk,mood_bad
헬로,"안녕, 오늘 기분은 어때?",custom_smalltalk,greeting
수고해,수고했어. 다음에 또 보자.,custom_smalltalk,bye
오늘 하루 어땠어?,나는 괜찮아. 너는 요즘 어때?,custom_smalltalk,how_are_you
고백할까?,상대와 편하게 이야기할 기회를 만들어보자.,custom_smalltalk,love
요즘 잘 지내?,"응, 잘 지냈어. 너는 어떻게 지냈어?",custom_smalltalk,how_are_you
점심 뭐 먹을까?,"뭐가 당기는지부터 생각해보자. 매운 거, 담백한 거, 달달한 거 중에 뭐가 좋아?",custom_smalltalk,food
책 읽을까?,새 취미는 부담 없이 짧게 해볼 수 있는 게 좋아.,custom_smalltalk,hobby
야식 먹고 싶어,오늘은 부담 없는 메뉴가 좋을 것 같아.,custom_smalltalk,food
왠지 기분이 좋아,잘됐다. 어떤 좋은 일이 있었어?,custom_smalltalk,mood_good
연락이 안 와,관계는 어렵지만 네 마음도 중요해.,custom_smalltalk,relationship
안녕 반가워,좋아. 같이 이야기해보자.,custom_smalltalk,greeting
비 와,더운 날엔 물 잘 챙겨 마셔야 해.,custom_smalltalk,weather
딱히,괜찮아. 천천히 생각해도 돼.,custom_smalltalk,fallback
피곤해,오늘은 무리하지 말고 몸을 먼저 챙기자.,custom_smalltalk,sleep
신난다,좋다! 그런 날은 오래 기억해두자.,custom_smalltalk,mood_good
지금 이야기할 수 있어?,너랑 이야기하려고 기다리고 있었어.,custom_smalltalk,what_doing
도움 됐어,도움이 됐다니 기뻐.,custom_smalltalk,thanks
기분 최고야,그 기분 그대로 이어졌으면 좋겠다.,custom_smalltalk,mood_good
대화 가능해?,너랑 이야기하려고 기다리고 있었어.,custom_smalltalk,what_doing
땡큐,도움이 됐다니 기뻐.,custom_smalltalk,thanks
잠 못 잤어,잠이 안 올 땐 화면을 잠시 내려놓는 것도 도움이 돼.,custom_smalltalk,sleep
비 와,그런 날씨면 기분도 조금 달라지지.,custom_smalltalk,weather
오늘은 여기까지,잘 가. 오늘도 고생했어.,custom_smalltalk,bye
요즘 기분이 어때?,좋아. 오늘은 어떤 이야기를 하고 싶어?,custom_smalltalk,how_are_you
썸 타는 것 같아,"오, 설레겠다. 어떤 사람이야?",custom_smalltalk,love
햇빛 좋다,날씨 좋은 날은 잠깐 산책해도 좋겠다.,custom_smalltalk,weather
너랑 뭐 할 수 있어?,나는 완벽하진 않지만 네 이야기를 들어줄 수 있어.,custom_smalltalk,self_intro
감사해,그렇게 말해주니까 나도 기분 좋다.,custom_smalltalk,thanks
과제 해야 돼,지금 제일 작은 일 하나부터 해보자.,custom_smalltalk,study_work
나 왔어,안녕하세요. 오늘은 어떤 이야기를 해볼까요?,custom_smalltalk,greeting
뭐 하고 있어?,나는 여기 있어. 뭐 하고 있었어?,custom_smalltalk,what_doing
칭찬해줘,오늘의 너는 꽤 자랑스러워해도 돼.,custom_smalltalk,compliment_user
대화 가능해?,시간 있어. 어떤 이야기 하고 싶어?,custom_smalltalk,what_doing
오늘 좋은 일 있었어,잘됐다. 어떤 좋은 일이 있었어?,custom_smalltalk,mood_good
요즘 어때?,"응, 잘 지냈어. 너는 어떻게 지냈어?",custom_smalltalk,how_are_you
요즘 어때?,나는 좋아. 너도 잘 지냈으면 좋겠다.,custom_smalltalk,how_are_you
글쎄,괜찮아. 천천히 생각해도 돼.,custom_smalltalk,fallback
어때 보여?,네가 왜 그렇게 느꼈는지 알 것 같아.,custom_smalltalk,agreement
행복해,좋다! 그런 날은 오래 기억해두자.,custom_smalltalk,mood_good
헬로,어서 와. 기다리고 있었어.,custom_smalltalk,greeting
다음에 봐,잘 가. 오늘도 고생했어.,custom_smalltalk,bye
고마워,언제든 편하게 말해줘.,custom_smalltalk,thanks
야 안녕,반가워. 편하게 말 걸어줘.,custom_smalltalk,greeting
연애하고 싶어,데이트는 서로 편한 걸 고르는 게 좋아.,custom_smalltalk,love
나 갈게,다음에 봐. 기다리고 있을게.,custom_smalltalk,bye
점심 뭐 먹을까?,커피도 좋지만 물도 같이 마셔줘.,custom_smalltalk,food
좋은 아침,"안녕, 오늘 기분은 어때?",custom_smalltalk,greeting
별일 없었어?,괜찮게 지냈어. 오늘 너는 어땠어?,custom_smalltalk,how_are_you
오늘 날씨 좋다,추우면 따뜻하게 입고 다녀.,custom_smalltalk,weather
새 취미 갖고 싶어,게임도 좋지만 너무 오래 하진 말자.,custom_smalltalk,hobby
사과해야 할까?,잘못을 인정하는 것도 용기야.,custom_smalltalk,apology
잘가,편히 쉬어. 또 와줘.,custom_smalltalk,bye
할 거 있어?,바쁘지 않아. 편하게 말해줘.,custom_smalltalk,what_doing
늦게 잤어,잠이 안 올 땐 화면을 잠시 내려놓는 것도 도움이 돼.,custom_smalltalk,sleep
간식 먹고 싶어,너무 늦지 않았다면 간단히 먹는 것도 좋아.,custom_smalltalk,food
오랜만이야,안녕하세요. 오늘은 어떤 이야기를 해볼까요?,custom_smalltalk,greeting
칭찬 받고 싶어,잘했다고 말해주고 싶어. 수고했어.,custom_smalltalk,compliment_user
나 오늘 기분 안 좋아,힘든 하루였구나. 여기서는 편하게 말해도 돼.,custom_smalltalk,mood_bad
너 정체가 뭐야?,나는 너랑 대화하기 위해 만들어진 작은 한국어 챗봇이야.,custom_smalltalk,self_intro
나랑 놀래?,바쁘지 않아. 편하게 말해줘.,custom_smalltalk,what_doing
칭찬해줘,충분히 칭찬받을 만해.,custom_smalltalk,compliment_user
좋은 아침,안녕. 오늘 하루는 어땠어?,custom_smalltalk,greeting
처음 만나,반가워! 뭐든 편하게 말해도 돼.,custom_smalltalk,greeting
심심한데 뭐해?,너랑 이야기하려고 기다리고 있었어.,custom_smalltalk,what_doing
너 소개해줘,나는 완벽하진 않지만 네 이야기를 들어줄 수 있어.,custom_smalltalk,self_intro
오늘 뭐 먹을까?,너무 늦지 않았다면 간단히 먹는 것도 좋아.,custom_smalltalk,food
새 취미 갖고 싶어,주말엔 쉬는 시간도 일정에 넣어보자.,custom_smalltalk,hobby
대화 가능해?,좋아. 잠깐 같이 이야기하자.,custom_smalltalk,what_doing
오늘 하루 어땠어?,좋아. 오늘은 어떤 이야기를 하고 싶어?,custom_smalltalk,how_are_you
지루해,좋아. 오늘 있었던 일부터 이야기해볼까?,custom_smalltalk,bored
잘 있었어?,"응, 잘 지냈어. 너는 어떻게 지냈어?",custom_smalltalk,how_are_you
미루고 싶어,미루고 싶을 때는 딱 한 문제만 해보는 것도 방법이야.,custom_smalltalk,study_work
산책할까?,가볍게 시작하려면 산책이나 음악 듣기부터 좋아.,custom_smalltalk,hobby
눈 왔어,날씨 좋은 날은 잠깐 산책해도 좋겠다.,custom_smalltalk,weather
할 거 있어?,지금은 네 이야기를 들을 준비를 하고 있어.,custom_smalltalk,what_doing
괜찮을까?,잘못을 인정하는 것도 용기야.,custom_smalltalk,apology
오늘은 여기까지,다음에 봐. 기다리고 있을게.,custom_smalltalk,bye
기분 최고야,좋은 일이 있었다니 다행이야. 더 자세히 말해줘.,custom_smalltalk,mood_good
햇빛 좋다,비 오는 날은 괜히 차분해지는 것 같아.,custom_smalltalk,weather
칭찬 받고 싶어,잘했어. 진짜 고생 많았어.,custom_smalltalk,compliment_user
해야 할 게 많아,완벽하게 하려 하지 말고 시작부터 해보자.,custom_smalltalk,study_work
괜찮아?,괜찮게 지냈어. 오늘 너는 어땠어?,custom_smalltalk,how_are_you
그 사람이 자꾸 생각나,고백은 네 마음이 준비됐을 때 천천히 해도 돼.,custom_smalltalk,love
마음이 복잡해,혼자 다 안고 있지 않아도 돼. 이야기해도 괜찮아.,custom_smalltalk,mood_bad
뭐가 나을까?,급하지 않으면 조금 더 생각해봐도 괜찮아.,custom_smalltalk,choice
나 왔어,반가워. 편하게 말 걸어줘.,custom_smalltalk,greeting
친구가 보고 싶어,관계 문제는 마음이 많이 쓰이지.,custom_smalltalk,relationship
괜찮아?,그럭저럭 잘 지냈어. 너는 별일 없었어?,custom_smalltalk,how_are_you
늦게 잤어,잠이 부족하면 작은 일도 크게 느껴질 수 있어.,custom_smalltalk,sleep
너무 추워,흐린 날엔 실내에서 쉬는 것도 좋지.,custom_smalltalk,weather
괜히 그랬어,너무 자책하지 말고 지금 할 수 있는 걸 생각해보자.,custom_smalltalk,apology
나 잘했지?,잘했어. 진짜 고생 많았어.,custom_smalltalk,compliment_user
지금 바빠?,좋아. 잠깐 같이 이야기하자.,custom_smalltalk,what_doing
너 좀 괜찮다,천만에. 도움이 됐다면 다행이야.,custom_smalltalk,thanks
과제 해야 돼,해야 할 게 많을수록 하나씩 쪼개는 게 좋아.,custom_smalltalk,study_work
오늘 날씨 좋다,날씨 좋은 날은 잠깐 산책해도 좋겠다.,custom_smalltalk,weather
너무 더워,추우면 따뜻하게 입고 다녀.,custom_smalltalk,weather
어쩌지,말이 잘 안 나올 때도 있지.,custom_smalltalk,fallback
어때 보여?,괜찮아 보여. 다만 조금 더 생각해봐도 좋겠어.,custom_smalltalk,agreement
놀아줘,그럼 나랑 잠깐 수다 떨자.,custom_smalltalk,bored
딱히,딱히 할 말이 없어도 괜찮아.,custom_smalltalk,fallback
친구가 서운하게 해,서운한 마음이 들 만했겠다.,custom_smalltalk,relationship
오늘 날씨 좋다,비 오는 날은 괜히 차분해지는 것 같아.,custom_smalltalk,weather
게임할까?,주말엔 쉬는 시간도 일정에 넣어보자.,custom_smalltalk,hobby
행복해,좋은 일이 있었다니 다행이야. 더 자세히 말해줘.,custom_smalltalk,mood_good
짜증나,괜찮아. 천천히 말해줘. 내가 들어줄게.,custom_smalltalk,mood_bad
괜찮을까?,실수할 수 있어. 중요한 건 어떻게 수습하느냐야.,custom_smalltalk,apology
나 해냈어,노력한 게 느껴져. 정말 잘했어.,custom_smalltalk,compliment_user
마음이 복잡해,오늘은 스스로에게 조금 너그러워져도 돼.,custom_smalltalk,mood_bad
눈 왔어,더운 날엔 물 잘 챙겨 마셔야 해.,custom_smalltalk,weather
요즘 기분이 어때?,잘 지냈어. 물어봐줘서 고마워.,custom_smalltalk,how_are_you
잠 못 잤어,따뜻한 물 마시고 조용히 쉬어보는 것도 좋아.,custom_smalltalk,sleep
안뇽,안녕. 오늘 하루는 어땠어?,custom_smalltalk,greeting
하이,안녕하세요. 오늘은 어떤 이야기를 해볼까요?,custom_smalltalk,greeting
고마워 진짜,고맙다고 말해줘서 나도 좋아.,custom_smalltalk,thanks
다음에 봐,좋아. 다음에 또 이야기하자.,custom_smalltalk,bye
기운이 없어,속상한 일이 있었나 보네. 무슨 일이었어?,custom_smalltalk,mood_bad
우울해,힘든 하루였구나. 여기서는 편하게 말해도 돼.,custom_smalltalk,mood_bad
운동해야 하나?,가볍게 시작하려면 산책이나 음악 듣기부터 좋아.,custom_smalltalk,hobby
노래 듣고 싶어,주말엔 쉬는 시간도 일정에 넣어보자.,custom_smalltalk,hobby
뭐해?,나는 여기 있어. 뭐 하고 있었어?,custom_smalltalk,what_doing
나 오늘 기분 좋아,잘됐다. 어떤 좋은 일이 있었어?,custom_smalltalk,mood_good
친구가 보고 싶어,혼자라고 느껴질 때 정말 외롭지.,custom_smalltalk,relationship
사람 관계 어렵다,바로 결론 내리기보다 네 마음을 먼저 정리해보자.,custom_smalltalk,relationship
답답해,그런 날도 있어. 일단 숨 좀 돌려보자.,custom_smalltalk,mood_bad
미안,실수할 수 있어. 중요한 건 어떻게 수습하느냐야.,custom_smalltalk,apology
hello,안녕. 오늘 하루는 어땠어?,custom_smalltalk,greeting
괜찮아?,나는 좋아. 너도 잘 지냈으면 좋겠다.,custom_smalltalk,how_are_you
나중에 이야기하자,다음에 봐. 기다리고 있을게.,custom_smalltalk,bye
안녕하세요,반가워. 편하게 말 걸어줘.,custom_smalltalk,greeting
추천해줘,지금 네가 더 마음이 가는 쪽은 어느 쪽이야?,custom_smalltalk,choice
심심한데 뭐해?,대화할 준비 됐어. 무슨 이야기할까?,custom_smalltalk,what_doing
외로워,그랬구나. 오늘 많이 지쳤겠다.,custom_smalltalk,mood_bad
오늘 운이 좋았어,그 기분 그대로 이어졌으면 좋겠다.,custom_smalltalk,mood_good
심심한데 뭐해?,나는 여기 있어. 뭐 하고 있었어?,custom_smalltalk,what_doing
할 거 없어,좋아. 내가 들어줄게.,custom_smalltalk,bored
지금 뭐해?,너랑 이야기하려고 기다리고 있었어.,custom_smalltalk,what_doing
재밌는 얘기 해줘,그럼 가볍게 질문 하나 할게. 오늘 제일 좋았던 순간은 뭐야?,custom_smalltalk,bored
나 때문에 그런 것 같아,미안하다고 느꼈다면 진심을 담아 말해보는 게 좋아.,custom_smalltalk,apology
커피 마실까?,밥은 잘 챙겨 먹어야 해. 오늘은 뭐 먹고 싶어?,custom_smalltalk,food
바람 많이 불어,비 오는 날은 괜히 차분해지는 것 같아.,custom_smalltalk,weather
동의해?,"응, 그렇게 생각할 수도 있어.",custom_smalltalk,agreement
다음에 봐,오늘 이야기 즐거웠어.,custom_smalltalk,bye
음,그냥 있어도 괜찮아. 내가 옆에서 들어줄게.,custom_smalltalk,fallback
사람들이랑 어울리기 힘들어,관계 문제는 마음이 많이 쓰이지.,custom_smalltalk,relationship
저녁 추천해줘,너무 늦지 않았다면 간단히 먹는 것도 좋아.,custom_smalltalk,food
간식 먹고 싶어,밥은 잘 챙겨 먹어야 해. 오늘은 뭐 먹고 싶어?,custom_smalltalk,food
나 칭찬받았어,잘됐다. 어떤 좋은 일이 있었어?,custom_smalltalk,mood_good
친구가 보고 싶어,서운한 마음이 들 만했겠다.,custom_smalltalk,relationship
잘 들어줘서 고마워,그렇게 말해주니까 나도 기분 좋다.,custom_smalltalk,thanks
나 오늘 열심히 했어,충분히 칭찬받을 만해.,custom_smalltalk,compliment_user
뭐 하고 있어?,지금은 네 이야기를 들을 준비를 하고 있어.,custom_smalltalk,what_doing
고마워 진짜,그렇게 말해주니까 나도 기분 좋다.,custom_smalltalk,thanks
동의해?,"완전히 단정하긴 어렵지만, 네 말도 일리가 있어.",custom_smalltalk,agreement
흠,말이 잘 안 나올 때도 있지.,custom_smalltalk,fallback
뭐 하고 있어?,바쁘지 않아. 편하게 말해줘.,custom_smalltalk,what_doing
친구랑 싸웠어,바로 결론 내리기보다 네 마음을 먼저 정리해보자.,custom_smalltalk,relationship
지금 바빠?,대화할 준비 됐어. 무슨 이야기할까?,custom_smalltalk,what_doing
자기소개 해봐,"나는 아직 배우는 중이지만, 편하게 이야기 나눌 수 있어.",custom_smalltalk,self_intro
나 잘했지?,그 정도면 충분히 멋진 일이야.,custom_smalltalk,compliment_user
연락이 안 와,서운한 마음이 들 만했겠다.,custom_smalltalk,relationship
너는 사람 아니지?,나는 완벽하진 않지만 네 이야기를 들어줄 수 있어.,custom_smalltalk,self_intro
이만 갈게,잘 가. 오늘도 고생했어.,custom_smalltalk,bye
나 이번에 잘한 것 같아,해냈다는 게 정말 중요해. 멋지다.,custom_smalltalk,compliment_user
밥 먹었어?,밥은 잘 챙겨 먹어야 해. 오늘은 뭐 먹고 싶어?,custom_smalltalk,food
오늘 뿌듯해,좋다! 그런 날은 오래 기억해두자.,custom_smalltalk,mood_good
지금 바빠?,지금 너랑 수다 떨 수 있어.,custom_smalltalk,what_doing
속상해,혼자 다 안고 있지 않아도 돼. 이야기해도 괜찮아.,custom_smalltalk,mood_bad
집중이 안 돼,지금 제일 작은 일 하나부터 해보자.,custom_smalltalk,study_work
나 좀 대단하지?,대단하지. 노력한 만큼 의미 있는 결과야.,custom_smalltalk,compliment_user
오늘 하루 어땠어?,괜찮게 지냈어. 오늘 너는 어땠어?,custom_smalltalk,how_are_you
그 사람이 자꾸 생각나,썸 같으면 작은 관심들이 더 크게 느껴지지.,custom_smalltalk,love
배고파,배고프면 든든한 걸로 챙겨 먹자.,custom_smalltalk,food
귀찮아,지금 제일 작은 일 하나부터 해보자.,custom_smalltalk,study_work
너 좀 괜찮다,고마워. 나도 네 이야기를 들을 수 있어서 좋아.,custom_smalltalk,thanks
나 오늘 기분 안 좋아,혼자 다 안고 있지 않아도 돼. 이야기해도 괜찮아.,custom_smalltalk,mood_bad
지루해,심심할 땐 아무 말 대잔치도 괜찮아.,custom_smalltalk,bored
덕분이야,천만에. 도움이 됐다면 다행이야.,custom_smalltalk,thanks
오랜만이야,"안녕, 오늘 기분은 어때?",custom_smalltalk,greeting
잠 못 잤어,오늘은 무리하지 말고 몸을 먼저 챙기자.,custom_smalltalk,sleep
썸 타는 것 같아,고백은 네 마음이 준비됐을 때 천천히 해도 돼.,custom_smalltalk,love
안녕하세요,"안녕, 오늘 기분은 어때?",custom_smalltalk,greeting
할 거 없어,그럼 우리 주제 하나 정해서 이야기해보자.,custom_smalltalk,bored
내 말 맞지?,"응, 그렇게 생각할 수도 있어.",custom_smalltalk,agreement
bye,좋아. 다음에 또 이야기하자.,custom_smalltalk,bye
맛있는 거 먹고 싶다,배고프면 든든한 걸로 챙겨 먹자.,custom_smalltalk,food
뭐 재미있는 거 없을까?,그럼 가볍게 질문 하나 할게. 오늘 제일 좋았던 순간은 뭐야?,custom_smalltalk,bored
화나,힘든 하루였구나. 여기서는 편하게 말해도 돼.,custom_smalltalk,mood_bad
게임할까?,책은 짧은 에세이나 만화부터 시작해도 좋아.,custom_smalltalk,hobby
이제 자야겠다,다음에 봐. 기다리고 있을게.,custom_smalltalk,bye
놀아줘,그럼 가볍게 질문 하나 할게. 오늘 제일 좋았던 순간은 뭐야?,custom_smalltalk,bored
처음 만나,반가워. 편하게 말 걸어줘.,custom_smalltalk,greeting
칭찬 받고 싶어,해냈다는 게 정말 중요해. 멋지다.,custom_smalltalk,compliment_user
오늘 좋은 일 있었어,좋은 일이 있었다니 다행이야. 더 자세히 말해줘.,custom_smalltalk,mood_good
잘했다고 해줘,대단하지. 노력한 만큼 의미 있는 결과야.,custom_smalltalk,compliment_user
나 왔어,어서 와. 기다리고 있었어.,custom_smalltalk,greeting
잠이 부족해,많이 피곤하겠다. 가능하면 잠깐이라도 쉬어.,custom_smalltalk,sleep
사람들이랑 어울리기 힘들어,네가 느낀 감정은 충분히 말해볼 만해.,custom_smalltalk,relationship
오늘 별로야,오늘은 스스로에게 조금 너그러워져도 돼.,custom_smalltalk,mood_bad
대화 가능해?,지금 너랑 수다 떨 수 있어.,custom_smalltalk,what_doing
나 이번에 잘한 것 같아,대단하지. 노력한 만큼 의미 있는 결과야.,custom_smalltalk,compliment_user
울고 싶어,그런 날도 있어. 일단 숨 좀 돌려보자.,custom_smalltalk,mood_bad
친구가 서운하게 해,상대의 마음을 단정하기 전에 천천히 이야기해보는 것도 좋아.,custom_smalltalk,relationship
눈 왔어,추우면 따뜻하게 입고 다녀.,custom_smalltalk,weather
불면증 같아,잠이 안 올 땐 화면을 잠시 내려놓는 것도 도움이 돼.,custom_smalltalk,sleep
일하기 싫어,잠깐 쉬고 다시 시작해도 괜찮아.,custom_smalltalk,study_work
미안,미안하다고 느꼈다면 진심을 담아 말해보는 게 좋아.,custom_smalltalk,apology
헬로,좋아. 같이 이야기해보자.,custom_smalltalk,greeting
컨디션 어때?,나는 좋아. 너도 잘 지냈으면 좋겠다.,custom_smalltalk,how_are_you
귀찮아,집중이 안 되면 할 일을 적어보는 것부터 시작해보자.,custom_smalltalk,study_work
나랑 수다 떨자,나랑 이야기하다 보면 시간이 좀 빨리 갈지도 몰라.,custom_smalltalk,bored
시간이 안 가,그럼 나랑 잠깐 수다 떨자.,custom_smalltalk,bored
힘들어,힘든 하루였구나. 여기서는 편하게 말해도 돼.,custom_smalltalk,mood_bad
비 와,비 오는 날은 괜히 차분해지는 것 같아.,custom_smalltalk,weather
지금 이야기할 수 있어?,시간 있어. 어떤 이야기 하고 싶어?,custom_smalltalk,what_doing
ㅎㅇ,반가워. 편하게 말 걸어줘.,custom_smalltalk,greeting
그런가,딱히 할 말이 없어도 괜찮아.,custom_smalltalk,fallback
노래 듣고 싶어,"지금 에너지가 있으면 운동, 쉬고 싶으면 영화도 괜찮아.",custom_smalltalk,hobby
이거 괜찮지?,나는 네 생각을 이해해.,custom_smalltalk,agreement
짝사랑 중이야,썸 같으면 작은 관심들이 더 크게 느껴지지.,custom_smalltalk,love
너 정체가 뭐야?,나는 완벽하진 않지만 네 이야기를 들어줄 수 있어.,custom_smalltalk,self_intro
날씨 왜 이래,눈 오는 날은 조심히 다녀야 해.,custom_smalltalk,weather
너 소개해줘,나는 네 말을 듣고 자연스럽게 답하려고 학습 중인 챗봇이야.,custom_smalltalk,self_intro
흠,그냥 있어도 괜찮아. 내가 옆에서 들어줄게.,custom_smalltalk,fallback
자고 싶어,밤샜으면 컨디션이 흔들릴 수 있어. 천천히 움직여.,custom_smalltalk,sleep
좋은 하루였어,뿌듯한 하루였구나. 고생했어.,custom_smalltalk,mood_good
좋은 하루였어,오늘 정말 잘 보냈나 보다.,custom_smalltalk,mood_good
오늘 어때?,나는 좋아. 너도 잘 지냈으면 좋겠다.,custom_smalltalk,how_are_you
뭐 재미있는 거 없을까?,좋아. 오늘 있었던 일부터 이야기해볼까?,custom_smalltalk,bored
나 해냈어,해냈다는 게 정말 중요해. 멋지다.,custom_smalltalk,compliment_user
괜히 그랬어,미안하다고 느꼈다면 진심을 담아 말해보는 게 좋아.,custom_smalltalk,apology
시험 공부해야 돼,잠깐 쉬고 다시 시작해도 괜찮아.,custom_smalltalk,study_work
추천해줘,네 상황을 조금 더 알려주면 같이 골라볼게.,custom_smalltalk,choice
맞지?,네 입장에서는 충분히 그렇게 느낄 만해.,custom_smalltalk,agreement
맛있는 거 먹고 싶다,간식은 적당히 먹으면 기분 전환에 좋지.,custom_smalltalk,food
썸 타는 것 같아,데이트는 서로 편한 걸 고르는 게 좋아.,custom_smalltalk,love
짜증나,힘든 하루였구나. 여기서는 편하게 말해도 돼.,custom_smalltalk,mood_bad
일이 너무 많아,집중이 안 되면 할 일을 적어보는 것부터 시작해보자.,custom_smalltalk,study_work
잘 지냈어?,나는 괜찮아. 너는 요즘 어때?,custom_smalltalk,how_are_you
날씨 왜 이래,추우면 따뜻하게 입고 다녀.,custom_smalltalk,weather
너무 추워,비 오는 날은 괜히 차분해지는 것 같아.,custom_smalltalk,weather
오늘 뿌듯해,오늘 정말 잘 보냈나 보다.,custom_smalltalk,mood_good
공부하기 싫어,해야 할 게 많을수록 하나씩 쪼개는 게 좋아.,custom_smalltalk,study_work
몰라,그냥 있어도 괜찮아. 내가 옆에서 들어줄게.,custom_smalltalk,fallback
혼자인 것 같아,네가 느낀 감정은 충분히 말해볼 만해.,custom_smalltalk,relationship
햇빛 좋다,흐린 날엔 실내에서 쉬는 것도 좋지.,custom_smalltalk,weather
ㅎㅇ,안녕. 오늘 하루는 어땠어?,custom_smalltalk,greeting
나 오늘 열심히 했어,그 정도면 충분히 멋진 일이야.,custom_smalltalk,compliment_user
처음 만나,안녕하세요. 오늘은 어떤 이야기를 해볼까요?,custom_smalltalk,greeting
속상해,마음이 복잡할 때는 하나씩 꺼내보면 조금 나아질 수 있어.,custom_smalltalk,mood_bad
좋아하는 사람이 있어,"오, 설레겠다. 어떤 사람이야?",custom_smalltalk,love
야 안녕,반가워! 뭐든 편하게 말해도 돼.,custom_smalltalk,greeting
속상해,그런 날도 있어. 일단 숨 좀 돌려보자.,custom_smalltalk,mood_bad
공부해야 하는데 하기 싫어,잠깐 쉬고 다시 시작해도 괜찮아.,custom_smalltalk,study_work
놀아줘,나랑 이야기하다 보면 시간이 좀 빨리 갈지도 몰라.,custom_smalltalk,bored
좋은 아침,좋아. 같이 이야기해보자.,custom_smalltalk,greeting
선택하기 어려워,급하지 않으면 조금 더 생각해봐도 괜찮아.,custom_smalltalk,choice
나 오늘 열심히 했어,대단하지. 노력한 만큼 의미 있는 결과야.,custom_smalltalk,compliment_user
공부해야 하는데 하기 싫어,미루고 싶을 때는 딱 한 문제만 해보는 것도 방법이야.,custom_smalltalk,study_work
피곤해,밤샜으면 컨디션이 흔들릴 수 있어. 천천히 움직여.,custom_smalltalk,sleep
hello,어서 와. 기다리고 있었어.,custom_smalltalk,greeting
너는 어떤 챗봇이야?,"나는 아직 배우는 중이지만, 편하게 이야기 나눌 수 있어.",custom_smalltalk,self_intro
뭐하니?,대화할 준비 됐어. 무슨 이야기할까?,custom_smalltalk,what_doing
사람 관계 어렵다,상대의 마음을 단정하기 전에 천천히 이야기해보는 것도 좋아.,custom_smalltalk,relationship
너 뭐하는 애야?,나는 한국어 대화를 연습하는 챗봇이야.,custom_smalltalk,self_intro
나 오늘 열심히 했어,오늘의 너는 꽤 자랑스러워해도 돼.,custom_smalltalk,compliment_user
심심한데 뭐해?,지금 너랑 수다 떨 수 있어.,custom_smalltalk,what_doing
야식 먹고 싶어,너무 늦지 않았다면 간단히 먹는 것도 좋아.,custom_smalltalk,food
저녁 추천해줘,배고프면 든든한 걸로 챙겨 먹자.,custom_smalltalk,food
나 성공했어,노력한 게 느껴져. 정말 잘했어.,custom_smalltalk,compliment_user
할 거 없어,좋아. 오늘 있었던 일부터 이야기해볼까?,custom_smalltalk,bored
결정 못 하겠어,장단점을 하나씩 적어보면 결정이 쉬워질 수 있어.,custom_smalltalk,choice
너 좀 괜찮다,고맙다고 말해줘서 나도 좋아.,custom_smalltalk,thanks
오늘 기분 어때?,"응, 잘 지냈어. 너는 어떻게 지냈어?",custom_smalltalk,how_are_you
심심해,그럼 지금 떠오르는 생각부터 말해줘.,custom_smalltalk,bored
그 사람이 자꾸 생각나,좋아하는 마음이 생겼구나. 그 사람의 어떤 점이 좋아?,custom_smalltalk,love
지금 뭐해?,대화할 준비 됐어. 무슨 이야기할까?,custom_smalltalk,what_doing
어쩌지,딱히 할 말이 없어도 괜찮아.,custom_smalltalk,fallback
골라줘,가장 부담이 적은 선택부터 해보는 것도 좋아.,custom_smalltalk,choice
잘 들어줘서 고마워,고맙다고 말해줘서 나도 좋아.,custom_smalltalk,thanks
뭐 먹지?,너무 늦지 않았다면 간단히 먹는 것도 좋아.,custom_smalltalk,food
어때 보여?,나는 네 생각을 이해해.,custom_smalltalk,agreement
책 읽을까?,게임도 좋지만 너무 오래 하진 말자.,custom_smalltalk,hobby
우울해,혼자 다 안고 있지 않아도 돼. 이야기해도 괜찮아.,custom_smalltalk,mood_bad
미루고 싶어,지금 제일 작은 일 하나부터 해보자.,custom_smalltalk,study_work
날씨가 흐려,더운 날엔 물 잘 챙겨 마셔야 해.,custom_smalltalk,weather
책 읽을까?,"지금 에너지가 있으면 운동, 쉬고 싶으면 영화도 괜찮아.",custom_smalltalk,hobby
짝사랑 중이야,고백은 네 마음이 준비됐을 때 천천히 해도 돼.,custom_smalltalk,love
오늘 운이 좋았어,좋다! 그런 날은 오래 기억해두자.,custom_smalltalk,mood_good
공부하기 싫어,일단 10분만 시작해보는 건 어때?,custom_smalltalk,study_work
ㅎㅇ,어서 와. 기다리고 있었어.,custom_smalltalk,greeting
해야 할 게 많아,미루고 싶을 때는 딱 한 문제만 해보는 것도 방법이야.,custom_smalltalk,study_work
오늘 뿌듯해,뿌듯한 하루였구나. 고생했어.,custom_smalltalk,mood_good
그렇게 생각해?,나는 네 생각을 이해해.,custom_smalltalk,agreement
잘가,좋아. 다음에 또 이야기하자.,custom_smalltalk,bye
햇빛 좋다,추우면 따뜻하게 입고 다녀.,custom_smalltalk,weather
오늘 어때?,나는 괜찮아. 너는 요즘 어때?,custom_smalltalk,how_are_you
내가 이상한 거 아니지?,네가 왜 그렇게 느꼈는지 알 것 같아.,custom_smalltalk,agreement
고마워,고마워. 나도 네 이야기를 들을 수 있어서 좋아.,custom_smalltalk,thanks
미안해,실수할 수 있어. 중요한 건 어떻게 수습하느냐야.,custom_smalltalk,apology
오늘 별로야,괜찮아. 천천히 말해줘. 내가 들어줄게.,custom_smalltalk,mood_bad
짜증나,오늘은 스스로에게 조금 너그러워져도 돼.,custom_smalltalk,mood_bad
할 거 없어,그럼 나랑 잠깐 수다 떨자.,custom_smalltalk,bored
날씨가 흐려,추우면 따뜻하게 입고 다녀.,custom_smalltalk,weather
ㅎㅇ,좋아. 같이 이야기해보자.,custom_smalltalk,greeting
산책할까?,책은 짧은 에세이나 만화부터 시작해도 좋아.,custom_smalltalk,hobby
덕분이야,도움이 됐다니 기뻐.,custom_smalltalk,thanks
지금 바빠?,시간 있어. 어떤 이야기 하고 싶어?,custom_smalltalk,what_doing
너도 그렇게 봐?,괜찮아 보여. 다만 조금 더 생각해봐도 좋겠어.,custom_smalltalk,agreement
졸려,따뜻한 물 마시고 조용히 쉬어보는 것도 좋아.,custom_smalltalk,sleep
요즘 기분이 어때?,나는 괜찮아. 너는 요즘 어때?,custom_smalltalk,how_are_you
몰라,딱히 할 말이 없어도 괜찮아.,custom_smalltalk,fallback
좋은 하루였어,멋지다. 오늘의 기분을 마음껏 즐겨.,custom_smalltalk,mood_good
잘했다고 해줘,노력한 게 느껴져. 정말 잘했어.,custom_smalltalk,compliment_user
수고해,잘 가. 오늘도 고생했어.,custom_smalltalk,bye
나 좀 대단하지?,충분히 칭찬받을 만해.,custom_smalltalk,compliment_user
이거 할까 말까?,후회가 적을 선택을 기준으로 골라보자.,custom_smalltalk,choice
다음에 또 올게,잘 가. 오늘도 고생했어.,custom_smalltalk,bye
어떻게 하지?,장단점을 하나씩 적어보면 결정이 쉬워질 수 있어.,custom_smalltalk,choice
너는 어떤 챗봇이야?,"나는 수다, 안부, 간단한 질문에 답하는 걸 목표로 하고 있어.",custom_smalltalk,self_intro
습해,흐린 날엔 실내에서 쉬는 것도 좋지.,custom_smalltalk,weather
나 때문에 그런 것 같아,괜찮아질 수 있어. 하나씩 정리해보자.,custom_smalltalk,apology
심심해서 왔어,그럼 지금 떠오르는 생각부터 말해줘.,custom_smalltalk,bored
나 오늘 열심히 했어,노력한 게 느껴져. 정말 잘했어.,custom_smalltalk,compliment_user
공부해야 하는데 하기 싫어,지금 제일 작은 일 하나부터 해보자.,custom_smalltalk,study_work
사람 관계 어렵다,관계 문제는 마음이 많이 쓰이지.,custom_smalltalk,relationship
그렇지?,"응, 그렇게 생각할 수도 있어.",custom_smalltalk,agreement
나 좋아하는 사람 생겼어,고백은 네 마음이 준비됐을 때 천천히 해도 돼.,custom_smalltalk,love
공부하기 싫어,집중이 안 되면 할 일을 적어보는 것부터 시작해보자.,custom_smalltalk,study_work
신난다,뿌듯한 하루였구나. 고생했어.,custom_smalltalk,mood_good
데이트 뭐하지?,고백은 네 마음이 준비됐을 때 천천히 해도 돼.,custom_smalltalk,love
저녁 추천해줘,오늘은 부담 없는 메뉴가 좋을 것 같아.,custom_smalltalk,food
이거 괜찮지?,"완전히 단정하긴 어렵지만, 네 말도 일리가 있어.",custom_smalltalk,agreement
하이,"안녕, 오늘 기분은 어때?",custom_smalltalk,greeting
울고 싶어,속상한 일이 있었나 보네. 무슨 일이었어?,custom_smalltalk,mood_bad
이거 할까 말까?,지금 네가 더 마음이 가는 쪽은 어느 쪽이야?,custom_smalltalk,choice
기분 최고야,좋다! 그런 날은 오래 기억해두자.,custom_smalltalk,mood_good
이거 괜찮지?,네가 왜 그렇게 느꼈는지 알 것 같아.,custom_smalltalk,agreement
오늘 뭐 먹을까?,지금 기분에는 따뜻한 음식도 괜찮겠다.,custom_smalltalk,food
잠이 안 와,밤샜으면 컨디션이 흔들릴 수 있어. 천천히 움직여.,custom_smalltalk,sleep
늦게 잤어,많이 피곤하겠다. 가능하면 잠깐이라도 쉬어.,custom_smalltalk,sleep
너는 어떤 챗봇이야?,나는 너랑 대화하기 위해 만들어진 작은 한국어 챗봇이야.,custom_smalltalk,self_intro
기분은 어때?,나는 좋아. 너도 잘 지냈으면 좋겠다.,custom_smalltalk,how_are_you
좋은 저녁,안녕. 오늘 하루는 어땠어?,custom_smalltalk,greeting
감사해,도움이 됐다니 기뻐.,custom_smalltalk,thanks
잘 들어줘서 고마워,고마워. 나도 네 이야기를 들을 수 있어서 좋아.,custom_smalltalk,thanks
다음에 또 올게,좋아. 좋은 하루 보내.,custom_smalltalk,bye
내가 잘못했어,사과는 빠르고 솔직할수록 좋아.,custom_smalltalk,apology
고맙다,언제든 편하게 말해줘.,custom_smalltalk,thanks
감사해,언제든 편하게 말해줘.,custom_smalltalk,thanks
둘 중에 뭐 골라?,장단점을 하나씩 적어보면 결정이 쉬워질 수 있어.,custom_smalltalk,choice
연락이 안 와,바로 결론 내리기보다 네 마음을 먼저 정리해보자.,custom_smalltalk,relationship
외로워,마음이 복잡할 때는 하나씩 꺼내보면 조금 나아질 수 있어.,custom_smalltalk,mood_bad
요즘 어때?,괜찮게 지냈어. 오늘 너는 어땠어?,custom_smalltalk,how_are_you
울고 싶어,그랬구나. 오늘 많이 지쳤겠다.,custom_smalltalk,mood_bad
일어나기 힘들어,밤샜으면 컨디션이 흔들릴 수 있어. 천천히 움직여.,custom_smalltalk,sleep
책 읽을까?,주말엔 쉬는 시간도 일정에 넣어보자.,custom_smalltalk,hobby
공부해야 하는데 하기 싫어,완벽하게 하려 하지 말고 시작부터 해보자.,custom_smalltalk,study_work
괜히 그랬어,괜찮아질 수 있어. 하나씩 정리해보자.,custom_smalltalk,apology
hello,반가워. 편하게 말 걸어줘.,custom_smalltalk,greeting
다음에 또 올게,다음에 봐. 기다리고 있을게.,custom_smalltalk,bye
야식 먹고 싶어,커피도 좋지만 물도 같이 마셔줘.,custom_smalltalk,food
이거 할까 말까?,급하지 않으면 조금 더 생각해봐도 괜찮아.,custom_smalltalk,choice
너무 심심해,그럼 지금 떠오르는 생각부터 말해줘.,custom_smalltalk,bored
지금 바빠?,나는 여기 있어. 뭐 하고 있었어?,custom_smalltalk,what_doing
뭐해?,너랑 이야기하려고 기다리고 있었어.,custom_smalltalk,what_doing
동의해?,괜찮아 보여. 다만 조금 더 생각해봐도 좋겠어.,custom_smalltalk,agreement
기운이 없어,혼자 다 안고 있지 않아도 돼. 이야기해도 괜찮아.,custom_smalltalk,mood_bad
해야 할 게 많아,해야 할 게 많을수록 하나씩 쪼개는 게 좋아.,custom_smalltalk,study_work
땡큐,천만에. 도움이 됐다면 다행이야.,custom_smalltalk,thanks
심심한데 뭐해?,지금은 네 이야기를 들을 준비를 하고 있어.,custom_smalltalk,what_doing
뭐해?,지금 너랑 수다 떨 수 있어.,custom_smalltalk,what_doing
왠지 기분이 좋아,멋지다. 오늘의 기분을 마음껏 즐겨.,custom_smalltalk,mood_good
이만 갈게,편히 쉬어. 또 와줘.,custom_smalltalk,bye
나중에 이야기하자,수고했어. 다음에 또 보자.,custom_smalltalk,bye
나 이번에 잘한 것 같아,그 정도면 충분히 멋진 일이야.,custom_smalltalk,compliment_user
나 해냈어,충분히 칭찬받을 만해.,custom_smalltalk,compliment_user
내가 이상한 거 아니지?,나는 네 생각을 이해해.,custom_smalltalk,agreement
나 오늘 기분 안 좋아,오늘은 스스로에게 조금 너그러워져도 돼.,custom_smalltalk,mood_bad
너랑 뭐 할 수 있어?,"나는 아직 배우는 중이지만, 편하게 이야기 나눌 수 있어.",custom_smalltalk,self_intro
뭐 하고 있어?,좋아. 잠깐 같이 이야기하자.,custom_smalltalk,what_doing
나 오늘 열심히 했어,해냈다는 게 정말 중요해. 멋지다.,custom_smalltalk,compliment_user
지금 뭐해?,지금은 네 이야기를 들을 준비를 하고 있어.,custom_smalltalk,what_doing
밤샜어,많이 피곤하겠다. 가능하면 잠깐이라도 쉬어.,custom_smalltalk,sleep
나 갈게,좋아. 다음에 또 이야기하자.,custom_smalltalk,bye
노래 듣고 싶어,노래 들으면서 기분 전환하는 것도 괜찮지.,custom_smalltalk,hobby
칭찬해줘,해냈다는 게 정말 중요해. 멋지다.,custom_smalltalk,compliment_user
시간 있어?,좋아. 잠깐 같이 이야기하자.,custom_smalltalk,what_doing
야식 먹고 싶어,밥은 잘 챙겨 먹어야 해. 오늘은 뭐 먹고 싶어?,custom_smalltalk,food
너 소개해줘,"나는 수다, 안부, 간단한 질문에 답하는 걸 목표로 하고 있어.",custom_smalltalk,self_intro
저녁 추천해줘,커피도 좋지만 물도 같이 마셔줘.,custom_smalltalk,food
나 오늘 기분 안 좋아,그런 날도 있어. 일단 숨 좀 돌려보자.,custom_smalltalk,mood_bad
글쎄,그럼 가볍게 오늘 있었던 일부터 말해볼까?,custom_smalltalk,fallback
지금 바빠?,지금은 네 이야기를 들을 준비를 하고 있어.,custom_smalltalk,what_doing
간식 먹고 싶어,지금 기분에는 따뜻한 음식도 괜찮겠다.,custom_smalltalk,food
뭐 하고 있어?,너랑 이야기하려고 기다리고 있었어.,custom_smalltalk,what_doing
바이,좋아. 다음에 또 이야기하자.,custom_smalltalk,bye
썸 타는 것 같아,썸 같으면 작은 관심들이 더 크게 느껴지지.,custom_smalltalk,love
밥 먹었어?,너무 늦지 않았다면 간단히 먹는 것도 좋아.,custom_smalltalk,food
재밌는 얘기 해줘,그럼 나랑 잠깐 수다 떨자.,custom_smalltalk,bored
덕분이야,괜찮아. 필요하면 또 같이 생각해보자.,custom_smalltalk,thanks
너 소개해줘,나는 너랑 대화하기 위해 만들어진 작은 한국어 챗봇이야.,custom_smalltalk,self_intro
오늘 기분 어때?,잘 지냈어. 물어봐줘서 고마워.,custom_smalltalk,how_are_you
안녕하세요,어서 와. 기다리고 있었어.,custom_smalltalk,greeting
나랑 놀래?,나는 여기 있어. 뭐 하고 있었어?,custom_smalltalk,what_doing
이만 갈게,좋아. 좋은 하루 보내.,custom_smalltalk,bye
집중이 안 돼,너무 부담되면 쉬운 것부터 처리해보자.,custom_smalltalk,study_work
햇빛 좋다,그런 날씨면 기분도 조금 달라지지.,custom_smalltalk,weather
나 해냈어,오늘의 너는 꽤 자랑스러워해도 돼.,custom_smalltalk,compliment_user
심심해서 왔어,나랑 이야기하다 보면 시간이 좀 빨리 갈지도 몰라.,custom_smalltalk,bored
너 뭐하는 애야?,"나는 아직 배우는 중이지만, 편하게 이야기 나눌 수 있어.",custom_smalltalk,self_intro
간식 먹고 싶어,배고프면 든든한 걸로 챙겨 먹자.,custom_smalltalk,food
잘 지냈나요?,그럭저럭 잘 지냈어. 너는 별일 없었어?,custom_smalltalk,how_are_you
내가 잘못했어,잘못을 인정하는 것도 용기야.,custom_smalltalk,apology
결정 못 하겠어,지금 네가 더 마음이 가는 쪽은 어느 쪽이야?,custom_smalltalk,choice
안뇽,반가워! 뭐든 편하게 말해도 돼.,custom_smalltalk,greeting
혼자인 것 같아,관계는 어렵지만 네 마음도 중요해.,custom_smalltalk,relationship
나랑 놀래?,좋아. 잠깐 같이 이야기하자.,custom_smalltalk,what_doing
괜찮을까?,미안하다고 느꼈다면 진심을 담아 말해보는 게 좋아.,custom_smalltalk,apology
주말에 뭐하지?,책은 짧은 에세이나 만화부터 시작해도 좋아.,custom_smalltalk,hobby
오늘 뿌듯해,좋은 일이 있었다니 다행이야. 더 자세히 말해줘.,custom_smalltalk,mood_good
고백할까?,데이트는 서로 편한 걸 고르는 게 좋아.,custom_smalltalk,love
취미 추천해줘,책은 짧은 에세이나 만화부터 시작해도 좋아.,custom_smalltalk,hobby
힘들어,그랬구나. 오늘 많이 지쳤겠다.,custom_smalltalk,mood_bad
피곤해,잠이 안 올 땐 화면을 잠시 내려놓는 것도 도움이 돼.,custom_smalltalk,sleep
오늘 좋은 일 있었어,뿌듯한 하루였구나. 고생했어.,custom_smalltalk,mood_good
오늘 어때?,그럭저럭 잘 지냈어. 너는 별일 없었어?,custom_smalltalk,how_are_you
할 거 없어,그럼 가볍게 질문 하나 할게. 오늘 제일 좋았던 순간은 뭐야?,custom_smalltalk,bored
비 와,날씨 좋은 날은 잠깐 산책해도 좋겠다.,custom_smalltalk,weather
잠이 안 와,잠이 부족하면 작은 일도 크게 느껴질 수 있어.,custom_smalltalk,sleep
어쩌지,그럼 가볍게 오늘 있었던 일부터 말해볼까?,custom_smalltalk,fallback
저녁 추천해줘,밥은 잘 챙겨 먹어야 해. 오늘은 뭐 먹고 싶어?,custom_smalltalk,food
친구랑 싸웠어,서운한 마음이 들 만했겠다.,custom_smalltalk,relationship
밥 먹었어?,"뭐가 당기는지부터 생각해보자. 매운 거, 담백한 거, 달달한 거 중에 뭐가 좋아?",custom_smalltalk,food
우울해,마음이 복잡할 때는 하나씩 꺼내보면 조금 나아질 수 있어.,custom_smalltalk,mood_bad
미루고 싶어,잠깐 쉬고 다시 시작해도 괜찮아.,custom_smalltalk,study_work
짝사랑 중이야,그 마음만으로도 하루가 달라질 때가 있지.,custom_smalltalk,love
신난다,좋은 일이 있었다니 다행이야. 더 자세히 말해줘.,custom_smalltalk,mood_good
나 칭찬받았어,좋다! 그런 날은 오래 기억해두자.,custom_smalltalk,mood_good
안녕,안녕! 반가워.,custom_smalltalk,greeting
너는 뭐야?,"나는 수다, 안부, 간단한 질문에 답하는 걸 목표로 하고 있어.",custom_smalltalk,self_intro
좋은 하루였어,잘됐다. 어떤 좋은 일이 있었어?,custom_smalltalk,mood_good
놀아줘,좋아. 내가 들어줄게.,custom_smalltalk,bored
좋아하는 사람이 있어,고백은 네 마음이 준비됐을 때 천천히 해도 돼.,custom_smalltalk,love
너랑 뭐 할 수 있어?,"나는 수다, 안부, 간단한 질문에 답하는 걸 목표로 하고 있어.",custom_smalltalk,self_intro
선택하기 어려워,후회가 적을 선택을 기준으로 골라보자.,custom_smalltalk,choice
뭐하니?,지금 너랑 수다 떨 수 있어.,custom_smalltalk,what_doing
기분 최고야,뿌듯한 하루였구나. 고생했어.,custom_smalltalk,mood_good
영화 볼까?,책은 짧은 에세이나 만화부터 시작해도 좋아.,custom_smalltalk,hobby
속상해,오늘은 스스로에게 조금 너그러워져도 돼.,custom_smalltalk,mood_bad
너 정체가 뭐야?,"나는 아직 배우는 중이지만, 편하게 이야기 나눌 수 있어.",custom_smalltalk,self_intro
오늘 뿌듯해,멋지다. 오늘의 기분을 마음껏 즐겨.,custom_smalltalk,mood_good
졸려,오늘은 무리하지 말고 몸을 먼저 챙기자.,custom_smalltalk,sleep
좋은 하루였어,듣기만 해도 나까지 기분 좋아진다.,custom_smalltalk,mood_good
음,딱히 할 말이 없어도 괜찮아.,custom_smalltalk,fallback
뭐 하고 놀까?,가볍게 시작하려면 산책이나 음악 듣기부터 좋아.,custom_smalltalk,hobby
운동해야 하나?,주말엔 쉬는 시간도 일정에 넣어보자.,custom_smalltalk,hobby
잘 지냈니?,좋아. 오늘은 어떤 이야기를 하고 싶어?,custom_smalltalk,how_are_you
배고파,간식은 적당히 먹으면 기분 전환에 좋지.,custom_smalltalk,food
나 잘했지?,해냈다는 게 정말 중요해. 멋지다.,custom_smalltalk,compliment_user
나랑 수다 떨자,그럼 가볍게 질문 하나 할게. 오늘 제일 좋았던 순간은 뭐야?,custom_smalltalk,bored
밤샜어,잠이 부족하면 작은 일도 크게 느껴질 수 있어.,custom_smalltalk,sleep
안녕,어서 와. 기다리고 있었어.,custom_smalltalk,greeting
일하기 싫어,지금 제일 작은 일 하나부터 해보자.,custom_smalltalk,study_work
친구가 서운하게 해,관계 문제는 마음이 많이 쓰이지.,custom_smalltalk,relationship
bye,다음에 봐. 기다리고 있을게.,custom_smalltalk,bye
어쩌지,그냥 있어도 괜찮아. 내가 옆에서 들어줄게.,custom_smalltalk,fallback
그렇게 생각해?,"완전히 단정하긴 어렵지만, 네 말도 일리가 있어.",custom_smalltalk,agreement
집중이 안 돼,완벽하게 하려 하지 말고 시작부터 해보자.,custom_smalltalk,study_work
잠이 안 와,따뜻한 물 마시고 조용히 쉬어보는 것도 좋아.,custom_smalltalk,sleep
점심 뭐 먹을까?,오늘은 부담 없는 메뉴가 좋을 것 같아.,custom_smalltalk,food
뭘 해야 할지 모르겠어,급하지 않으면 조금 더 생각해봐도 괜찮아.,custom_smalltalk,choice
마음이 복잡해,마음이 복잡할 때는 하나씩 꺼내보면 조금 나아질 수 있어.,custom_smalltalk,mood_bad
뭐 먹지?,밥은 잘 챙겨 먹어야 해. 오늘은 뭐 먹고 싶어?,custom_smalltalk,food
오늘 기분 어때?,나는 준비 완료야. 네 이야기도 들려줘.,custom_smalltalk,how_are_you
헬로,반가워! 뭐든 편하게 말해도 돼.,custom_smalltalk,greeting
연애하고 싶어,"오, 설레겠다. 어떤 사람이야?",custom_smalltalk,love
선택하기 어려워,지금 네가 더 마음이 가는 쪽은 어느 쪽이야?,custom_smalltalk,choice
나 좋아하는 사람 생겼어,데이트는 서로 편한 걸 고르는 게 좋아.,custom_smalltalk,love
연락이 안 와,혼자라고 느껴질 때 정말 외롭지.,custom_smalltalk,relationship
좋은 저녁,안녕! 반가워.,custom_smalltalk,greeting
짜증나,그랬구나. 오늘 많이 지쳤겠다.,custom_smalltalk,mood_bad
괜찮을까?,괜찮아질 수 있어. 하나씩 정리해보자.,custom_smalltalk,apology
잘했다고 해줘,오늘의 너는 꽤 자랑스러워해도 돼.,custom_smalltalk,compliment_user
내가 이상한 거 아니지?,"완전히 단정하긴 어렵지만, 네 말도 일리가 있어.",custom_smalltalk,agreement
외로워,괜찮아. 천천히 말해줘. 내가 들어줄게.,custom_smalltalk,mood_bad
나 오늘 기분 좋아,좋은 일이 있었다니 다행이야. 더 자세히 말해줘.,custom_smalltalk,mood_good
골라줘,네 상황을 조금 더 알려주면 같이 골라볼게.,custom_smalltalk,choice
게임할까?,"지금 에너지가 있으면 운동, 쉬고 싶으면 영화도 괜찮아.",custom_smalltalk,hobby
화나,속상한 일이 있었나 보네. 무슨 일이었어?,custom_smalltalk,mood_bad
잘했다고 해줘,충분히 칭찬받을 만해.,custom_smalltalk,compliment_user
심심해서 왔어,그럼 가볍게 질문 하나 할게. 오늘 제일 좋았던 순간은 뭐야?,custom_smalltalk,bored
좋은 아침,안녕! 반가워.,custom_smalltalk,greeting
땡큐,고마워. 나도 네 이야기를 들을 수 있어서 좋아.,custom_smalltalk,thanks
골라줘,지금 네가 더 마음이 가는 쪽은 어느 쪽이야?,custom_smalltalk,choice
나 칭찬받았어,멋지다. 오늘의 기분을 마음껏 즐겨.,custom_smalltalk,mood_good
울고 싶어,오늘은 스스로에게 조금 너그러워져도 돼.,custom_smalltalk,mood_bad
커피 마실까?,지금 기분에는 따뜻한 음식도 괜찮겠다.,custom_smalltalk,food
고마워,천만에. 도움이 됐다면 다행이야.,custom_smalltalk,thanks
땡큐,괜찮아. 필요하면 또 같이 생각해보자.,custom_smalltalk,thanks
오늘 날씨 좋다,눈 오는 날은 조심히 다녀야 해.,custom_smalltalk,weather
헬로,안녕. 오늘 하루는 어땠어?,custom_smalltalk,greeting
나 해냈어,대단하지. 노력한 만큼 의미 있는 결과야.,custom_smalltalk,compliment_user
오늘 기분 어때?,그럭저럭 잘 지냈어. 너는 별일 없었어?,custom_smalltalk,how_are_you
그냥,그냥 있어도 괜찮아. 내가 옆에서 들어줄게.,custom_smalltalk,fallback
맞지?,"완전히 단정하긴 어렵지만, 네 말도 일리가 있어.",custom_smalltalk,agreement
다음에 봐,잘 쉬고 다음에 또 이야기하자.,custom_smalltalk,bye
자기소개 해봐,"나는 수다, 안부, 간단한 질문에 답하는 걸 목표로 하고 있어.",custom_smalltalk,self_intro
짜증나,속상한 일이 있었나 보네. 무슨 일이었어?,custom_smalltalk,mood_bad
재밌는 얘기 해줘,그럼 지금 떠오르는 생각부터 말해줘.,custom_smalltalk,bored
좋은 아침,반가워. 편하게 말 걸어줘.,custom_smalltalk,greeting
자기소개 해봐,나는 완벽하진 않지만 네 이야기를 들어줄 수 있어.,custom_smalltalk,self_intro
재밌는 얘기 해줘,심심할 땐 아무 말 대잔치도 괜찮아.,custom_smalltalk,bored
심심해,좋아. 내가 들어줄게.,custom_smalltalk,bored
새 취미 갖고 싶어,"지금 에너지가 있으면 운동, 쉬고 싶으면 영화도 괜찮아.",custom_smalltalk,hobby
지금 이야기할 수 있어?,지금 너랑 수다 떨 수 있어.,custom_smalltalk,what_doing
취미 추천해줘,새 취미는 부담 없이 짧게 해볼 수 있는 게 좋아.,custom_smalltalk,hobby
일이 너무 많아,지금 제일 작은 일 하나부터 해보자.,custom_smalltalk,study_work
외로워,오늘은 스스로에게 조금 너그러워져도 돼.,custom_smalltalk,mood_bad
기분은 어때?,잘 지냈어. 물어봐줘서 고마워.,custom_smalltalk,how_are_you
어떻게 하지?,가장 부담이 적은 선택부터 해보는 것도 좋아.,custom_smalltalk,choice
감사합니다,고맙다고 말해줘서 나도 좋아.,custom_smalltalk,thanks
기운이 없어,오늘은 스스로에게 조금 너그러워져도 돼.,custom_smalltalk,mood_bad
짝사랑 중이야,데이트는 서로 편한 걸 고르는 게 좋아.,custom_smalltalk,love
나 잘했지?,오늘의 너는 꽤 자랑스러워해도 돼.,custom_smalltalk,compliment_user
오늘 뿌듯해,듣기만 해도 나까지 기분 좋아진다.,custom_smalltalk,mood_good
hello,좋아. 같이 이야기해보자.,custom_smalltalk,greeting
뭐하니?,좋아. 잠깐 같이 이야기하자.,custom_smalltalk,what_doing
배고파,"뭐가 당기는지부터 생각해보자. 매운 거, 담백한 거, 달달한 거 중에 뭐가 좋아?",custom_smalltalk,food
나랑 놀래?,시간 있어. 어떤 이야기 하고 싶어?,custom_smalltalk,what_doing
시험 공부해야 돼,완벽하게 하려 하지 말고 시작부터 해보자.,custom_smalltalk,study_work
친구가 보고 싶어,바로 결론 내리기보다 네 마음을 먼저 정리해보자.,custom_smalltalk,relationship
헬로,안녕하세요. 오늘은 어떤 이야기를 해볼까요?,custom_smalltalk,greeting
집중이 안 돼,미루고 싶을 때는 딱 한 문제만 해보는 것도 방법이야.,custom_smalltalk,study_work
대화 가능해?,지금은 네 이야기를 들을 준비를 하고 있어.,custom_smalltalk,what_doing
결정 못 하겠어,네 상황을 조금 더 알려주면 같이 골라볼게.,custom_smalltalk,choice
실수했어,너무 자책하지 말고 지금 할 수 있는 걸 생각해보자.,custom_smalltalk,apology
망친 것 같아,실수할 수 있어. 중요한 건 어떻게 수습하느냐야.,custom_smalltalk,apology
일이 너무 많아,잠깐 쉬고 다시 시작해도 괜찮아.,custom_smalltalk,study_work
너 소개해줘,나는 한국어 대화를 연습하는 챗봇이야.,custom_smalltalk,self_intro
시험 공부해야 돼,해야 할 게 많을수록 하나씩 쪼개는 게 좋아.,custom_smalltalk,study_work
저녁 추천해줘,"뭐가 당기는지부터 생각해보자. 매운 거, 담백한 거, 달달한 거 중에 뭐가 좋아?",custom_smalltalk,food
망친 것 같아,괜찮아질 수 있어. 하나씩 정리해보자.,custom_smalltalk,apology
오늘은 여기까지,편히 쉬어. 또 와줘.,custom_smalltalk,bye
지금 뭐해?,바쁘지 않아. 편하게 말해줘.,custom_smalltalk,what_doing
짜증나,마음이 복잡할 때는 하나씩 꺼내보면 조금 나아질 수 있어.,custom_smalltalk,mood_bad
안녕,안녕. 오늘 하루는 어땠어?,custom_smalltalk,greeting
안뇽,반가워. 편하게 말 걸어줘.,custom_smalltalk,greeting
나 오늘 기분 좋아,좋다! 그런 날은 오래 기억해두자.,custom_smalltalk,mood_good
노래 듣고 싶어,게임도 좋지만 너무 오래 하진 말자.,custom_smalltalk,hobby
아,그럼 가볍게 오늘 있었던 일부터 말해볼까?,custom_smalltalk,fallback
오랜만이야,안녕! 반가워.,custom_smalltalk,greeting
내 말 맞지?,나는 네 생각을 이해해.,custom_smalltalk,agreement
실수했어,괜찮아질 수 있어. 하나씩 정리해보자.,custom_smalltalk,apology
눈 왔어,눈 오는 날은 조심히 다녀야 해.,custom_smalltalk,weather
오늘은 여기까지,잘 쉬고 다음에 또 이야기하자.,custom_smalltalk,bye
고맙다,고맙다고 말해줘서 나도 좋아.,custom_smalltalk,thanks
마음이 복잡해,그랬구나. 오늘 많이 지쳤겠다.,custom_smalltalk,mood_bad
감사합니다,언제든 편하게 말해줘.,custom_smalltalk,thanks
오늘 좋은 일 있었어,멋지다. 오늘의 기분을 마음껏 즐겨.,custom_smalltalk,mood_good
다음에 또 올게,수고했어. 다음에 또 보자.,custom_smalltalk,bye
그냥,괜찮아. 천천히 생각해도 돼.,custom_smalltalk,fallback
내 말 맞지?,"완전히 단정하긴 어렵지만, 네 말도 일리가 있어.",custom_smalltalk,agreement
오늘 기분 어때?,나는 좋아. 너도 잘 지냈으면 좋겠다.,custom_smalltalk,how_are_you
잘 있었어?,괜찮게 지냈어. 오늘 너는 어땠어?,custom_smalltalk,how_are_you
흠,그럼 가볍게 오늘 있었던 일부터 말해볼까?,custom_smalltalk,fallback
지금 바빠?,바쁘지 않아. 편하게 말해줘.,custom_smalltalk,what_doing
기분은 어때?,괜찮게 지냈어. 오늘 너는 어땠어?,custom_smalltalk,how_are_you
오늘 운이 좋았어,뿌듯한 하루였구나. 고생했어.,custom_smalltalk,mood_good
시험 공부해야 돼,너무 부담되면 쉬운 것부터 처리해보자.,custom_smalltalk,study_work
하이,안녕! 반가워.,custom_smalltalk,greeting
내 말 맞지?,괜찮아 보여. 다만 조금 더 생각해봐도 좋겠어.,custom_smalltalk,agreement
좋은 하루였어,좋은 일이 있었다니 다행이야. 더 자세히 말해줘.,custom_smalltalk,mood_good
집중이 안 돼,일단 10분만 시작해보는 건 어때?,custom_smalltalk,study_work
미안,사과는 빠르고 솔직할수록 좋아.,custom_smalltalk,apology
그렇지?,"완전히 단정하긴 어렵지만, 네 말도 일리가 있어.",custom_smalltalk,agreement
신난다,듣기만 해도 나까지 기분 좋아진다.,custom_smalltalk,mood_good
나 좀 대단하지?,그 정도면 충분히 멋진 일이야.,custom_smalltalk,compliment_user
이만 갈게,잘 쉬고 다음에 또 이야기하자.,custom_smalltalk,bye
연애하고 싶어,그 마음만으로도 하루가 달라질 때가 있지.,custom_smalltalk,love
울고 싶어,혼자 다 안고 있지 않아도 돼. 이야기해도 괜찮아.,custom_smalltalk,mood_bad
지금 뭐해?,시간 있어. 어떤 이야기 하고 싶어?,custom_smalltalk,what_doing
나 좋아하는 사람 생겼어,그 마음만으로도 하루가 달라질 때가 있지.,custom_smalltalk,love
졸려,많이 피곤하겠다. 가능하면 잠깐이라도 쉬어.,custom_smalltalk,sleep
도움 됐어,천만에. 도움이 됐다면 다행이야.,custom_smalltalk,thanks
공부하기 싫어,미루고 싶을 때는 딱 한 문제만 해보는 것도 방법이야.,custom_smalltalk,study_work
잘 지냈나요?,나는 준비 완료야. 네 이야기도 들려줘.,custom_smalltalk,how_are_you
컨디션 어때?,괜찮게 지냈어. 오늘 너는 어땠어?,custom_smalltalk,how_are_you
귀찮아,해야 할 게 많을수록 하나씩 쪼개는 게 좋아.,custom_smalltalk,study_work
간식 먹고 싶어,커피도 좋지만 물도 같이 마셔줘.,custom_smalltalk,food
하이,어서 와. 기다리고 있었어.,custom_smalltalk,greeting
잘 지냈나요?,괜찮게 지냈어. 오늘 너는 어땠어?,custom_smalltalk,how_are_you
나 좋아하는 사람 생겼어,좋아하는 마음이 생겼구나. 그 사람의 어떤 점이 좋아?,custom_smalltalk,love
간식 먹고 싶어,"뭐가 당기는지부터 생각해보자. 매운 거, 담백한 거, 달달한 거 중에 뭐가 좋아?",custom_smalltalk,food
좋은 하루였어,좋다! 그런 날은 오래 기억해두자.,custom_smalltalk,mood_good
지금 뭐해?,지금 너랑 수다 떨 수 있어.,custom_smalltalk,what_doing
어때 보여?,네 입장에서는 충분히 그렇게 느낄 만해.,custom_smalltalk,agreement
나 때문에 그런 것 같아,실수할 수 있어. 중요한 건 어떻게 수습하느냐야.,custom_smalltalk,apology
나 갈게,편히 쉬어. 또 와줘.,custom_smalltalk,bye
왠지 기분이 좋아,좋은 일이 있었다니 다행이야. 더 자세히 말해줘.,custom_smalltalk,mood_good
고맙다,도움이 됐다니 기뻐.,custom_smalltalk,thanks
오늘은 여기까지,좋아. 다음에 또 이야기하자.,custom_smalltalk,bye
나 오늘 기분 안 좋아,괜찮아. 천천히 말해줘. 내가 들어줄게.,custom_smalltalk,mood_bad
자고 싶어,잠이 부족하면 작은 일도 크게 느껴질 수 있어.,custom_smalltalk,sleep
귀찮아,미루고 싶을 때는 딱 한 문제만 해보는 것도 방법이야.,custom_smalltalk,study_work
이거 괜찮지?,네 입장에서는 충분히 그렇게 느낄 만해.,custom_smalltalk,agreement
너랑 뭐 할 수 있어?,나는 너랑 대화하기 위해 만들어진 작은 한국어 챗봇이야.,custom_smalltalk,self_intro
요즘 잘 지내?,좋아. 오늘은 어떤 이야기를 하고 싶어?,custom_smalltalk,how_are_you
hello,안녕하세요. 오늘은 어떤 이야기를 해볼까요?,custom_smalltalk,greeting
친구가 보고 싶어,관계는 어렵지만 네 마음도 중요해.,custom_smalltalk,relationship
친구가 서운하게 해,바로 결론 내리기보다 네 마음을 먼저 정리해보자.,custom_smalltalk,relationship
다음에 봐,편히 쉬어. 또 와줘.,custom_smalltalk,bye
미루고 싶어,집중이 안 되면 할 일을 적어보는 것부터 시작해보자.,custom_smalltalk,study_work
뭐해?,좋아. 잠깐 같이 이야기하자.,custom_smalltalk,what_doing
너 누구야?,나는 완벽하진 않지만 네 이야기를 들어줄 수 있어.,custom_smalltalk,self_intro
잘가,다음에 봐. 기다리고 있을게.,custom_smalltalk,bye
잘 지냈니?,나는 좋아. 너도 잘 지냈으면 좋겠다.,custom_smalltalk,how_are_you
혼자인 것 같아,관계 문제는 마음이 많이 쓰이지.,custom_smalltalk,relationship
잘 지냈니?,괜찮게 지냈어. 오늘 너는 어땠어?,custom_smalltalk,how_are_you
뭐 재미있는 거 없을까?,좋아. 내가 들어줄게.,custom_smalltalk,bored
요즘 잘 지내?,괜찮게 지냈어. 오늘 너는 어땠어?,custom_smalltalk,how_are_you
졸려,잠이 부족하면 작은 일도 크게 느껴질 수 있어.,custom_smalltalk,sleep
왔어,"안녕, 오늘 기분은 어때?",custom_smalltalk,greeting
시간 있어?,대화할 준비 됐어. 무슨 이야기할까?,custom_smalltalk,what_doing
잠이 부족해,밤샜으면 컨디션이 흔들릴 수 있어. 천천히 움직여.,custom_smalltalk,sleep
눈 왔어,비 오는 날은 괜히 차분해지는 것 같아.,custom_smalltalk,weather
날씨가 흐려,흐린 날엔 실내에서 쉬는 것도 좋지.,custom_smalltalk,weather
사람 관계 어렵다,관계는 어렵지만 네 마음도 중요해.,custom_smalltalk,relationship
안녕 반가워,반가워! 뭐든 편하게 말해도 돼.,custom_smalltalk,greeting
왔어,좋아. 같이 이야기해보자.,custom_smalltalk,greeting
왠지 기분이 좋아,그 기분 그대로 이어졌으면 좋겠다.,custom_smalltalk,mood_good
영화 볼까?,노래 들으면서 기분 전환하는 것도 괜찮지.,custom_smalltalk,hobby
일하기 싫어,집중이 안 되면 할 일을 적어보는 것부터 시작해보자.,custom_smalltalk,study_work
친구가 서운하게 해,혼자라고 느껴질 때 정말 외롭지.,custom_smalltalk,relationship
왔어,안녕. 오늘 하루는 어땠어?,custom_smalltalk,greeting
덕분이야,언제든 편하게 말해줘.,custom_smalltalk,thanks
오늘 운이 좋았어,듣기만 해도 나까지 기분 좋아진다.,custom_smalltalk,mood_good
시간이 안 가,좋아. 내가 들어줄게.,custom_smalltalk,bored
지금 이야기할 수 있어?,좋아. 잠깐 같이 이야기하자.,custom_smalltalk,what_doing
바람 많이 불어,그런 날씨면 기분도 조금 달라지지.,custom_smalltalk,weather
해야 할 게 많아,지금 제일 작은 일 하나부터 해보자.,custom_smalltalk,study_work
미안해,잘못을 인정하는 것도 용기야.,custom_smalltalk,apology
신난다,잘됐다. 어떤 좋은 일이 있었어?,custom_smalltalk,mood_good
오늘 뭐 먹을까?,간식은 적당히 먹으면 기분 전환에 좋지.,custom_smalltalk,food
이제 자야겠다,잘 가. 오늘도 고생했어.,custom_smalltalk,bye
칭찬 받고 싶어,대단하지. 노력한 만큼 의미 있는 결과야.,custom_smalltalk,compliment_user
안녕,"안녕, 오늘 기분은 어때?",custom_smalltalk,greeting
나 성공했어,충분히 칭찬받을 만해.,custom_smalltalk,compliment_user
너무 심심해,좋아. 오늘 있었던 일부터 이야기해볼까?,custom_smalltalk,bored
새 취미 갖고 싶어,가볍게 시작하려면 산책이나 음악 듣기부터 좋아.,custom_smalltalk,hobby
뭐가 나을까?,네 상황을 조금 더 알려주면 같이 골라볼게.,custom_smalltalk,choice
도움 됐어,고맙다고 말해줘서 나도 좋아.,custom_smalltalk,thanks
너무 더워,날씨 좋은 날은 잠깐 산책해도 좋겠다.,custom_smalltalk,weather
책 읽을까?,책은 짧은 에세이나 만화부터 시작해도 좋아.,custom_smalltalk,hobby
너는 뭐야?,나는 완벽하진 않지만 네 이야기를 들어줄 수 있어.,custom_smalltalk,self_intro
너무 심심해,좋아. 내가 들어줄게.,custom_smalltalk,bored
잘가,잘 쉬고 다음에 또 이야기하자.,custom_smalltalk,bye
글쎄,그냥 있어도 괜찮아. 내가 옆에서 들어줄게.,custom_smalltalk,fallback
ㅎㅇ,반가워! 뭐든 편하게 말해도 돼.,custom_smalltalk,greeting
일하기 싫어,완벽하게 하려 하지 말고 시작부터 해보자.,custom_smalltalk,study_work
안녕 반가워,안녕. 오늘 하루는 어땠어?,custom_smalltalk,greeting
컨디션 어때?,"응, 잘 지냈어. 너는 어떻게 지냈어?",custom_smalltalk,how_are_you
과제 해야 돼,너무 부담되면 쉬운 것부터 처리해보자.,custom_smalltalk,study_work
저녁 추천해줘,간식은 적당히 먹으면 기분 전환에 좋지.,custom_smalltalk,food
요즘 어때?,잘 지냈어. 물어봐줘서 고마워.,custom_smalltalk,how_are_you
바이,잘 가. 오늘도 고생했어.,custom_smalltalk,bye
커피 마실까?,간식은 적당히 먹으면 기분 전환에 좋지.,custom_smalltalk,food
책 읽을까?,노래 들으면서 기분 전환하는 것도 괜찮지.,custom_smalltalk,hobby
지루해,그럼 지금 떠오르는 생각부터 말해줘.,custom_smalltalk,bored
그렇게 생각해?,네가 왜 그렇게 느꼈는지 알 것 같아.,custom_smalltalk,agreement
심심한데 뭐해?,시간 있어. 어떤 이야기 하고 싶어?,custom_smalltalk,what_doing
맛있는 거 먹고 싶다,지금 기분에는 따뜻한 음식도 괜찮겠다.,custom_smalltalk,food
음,생각나는 만큼만 말해줘.,custom_smalltalk,fallback
산책할까?,새 취미는 부담 없이 짧게 해볼 수 있는 게 좋아.,custom_smalltalk,hobby
심심해서 왔어,그럼 나랑 잠깐 수다 떨자.,custom_smalltalk,bored
다음에 봐,수고했어. 다음에 또 보자.,custom_smalltalk,bye
오늘 기분 어때?,좋아. 오늘은 어떤 이야기를 하고 싶어?,custom_smalltalk,how_are_you
오늘 별로야,그랬구나. 오늘 많이 지쳤겠다.,custom_smalltalk,mood_bad
너 누구야?,"나는 아직 배우는 중이지만, 편하게 이야기 나눌 수 있어.",custom_smalltalk,self_intro
나 왔어,"안녕, 오늘 기분은 어때?",custom_smalltalk,greeting
컨디션 어때?,나는 괜찮아. 너는 요즘 어때?,custom_smalltalk,how_are_you
오랜만이야,반가워! 뭐든 편하게 말해도 돼.,custom_smalltalk,greeting
오늘 날씨 좋다,그런 날씨면 기분도 조금 달라지지.,custom_smalltalk,weather
자기소개 해봐,나는 네 말을 듣고 자연스럽게 답하려고 학습 중인 챗봇이야.,custom_smalltalk,self_intro
너는 사람 아니지?,"나는 수다, 안부, 간단한 질문에 답하는 걸 목표로 하고 있어.",custom_smalltalk,self_intro
외로워,힘든 하루였구나. 여기서는 편하게 말해도 돼.,custom_smalltalk,mood_bad
배고파,커피도 좋지만 물도 같이 마셔줘.,custom_smalltalk,food
아,괜찮아. 천천히 생각해도 돼.,custom_smalltalk,fallback
괜찮아?,나는 괜찮아. 너는 요즘 어때?,custom_smalltalk,how_are_you
시간이 안 가,그럼 우리 주제 하나 정해서 이야기해보자.,custom_smalltalk,bored
너는 뭐야?,나는 한국어 대화를 연습하는 챗봇이야.,custom_smalltalk,self_intro
산책할까?,노래 들으면서 기분 전환하는 것도 괜찮지.,custom_smalltalk,hobby
이만 갈게,다음에 봐. 기다리고 있을게.,custom_smalltalk,bye
비 와,흐린 날엔 실내에서 쉬는 것도 좋지.,custom_smalltalk,weather
친구랑 싸웠어,상대의 마음을 단정하기 전에 천천히 이야기해보는 것도 좋아.,custom_smalltalk,relationship
공부해야 하는데 하기 싫어,해야 할 게 많을수록 하나씩 쪼개는 게 좋아.,custom_smalltalk,study_work
지금 뭐해?,나는 여기 있어. 뭐 하고 있었어?,custom_smalltalk,what_doing
미안해,사과는 빠르고 솔직할수록 좋아.,custom_smalltalk,apology
도움 됐어,언제든 편하게 말해줘.,custom_smalltalk,thanks
너무 추워,습하면 더 지치니까 무리하지 마.,custom_smalltalk,weather
나 오늘 기분 좋아,그 기분 그대로 이어졌으면 좋겠다.,custom_smalltalk,mood_good
나 갈게,잘 가. 오늘도 고생했어.,custom_smalltalk,bye
잠 못 잤어,잠이 부족하면 작은 일도 크게 느껴질 수 있어.,custom_smalltalk,sleep
새 취미 갖고 싶어,새 취미는 부담 없이 짧게 해볼 수 있는 게 좋아.,custom_smalltalk,hobby
화나,오늘은 스스로에게 조금 너그러워져도 돼.,custom_smalltalk,mood_bad
야 안녕,안녕! 반가워.,custom_smalltalk,greeting
잘 지냈니?,잘 지냈어. 물어봐줘서 고마워.,custom_smalltalk,how_are_you
너 좀 괜찮다,그렇게 말해주니까 나도 기분 좋다.,custom_smalltalk,thanks
나 왔어,안녕! 반가워.,custom_smalltalk,greeting
취미 추천해줘,게임도 좋지만 너무 오래 하진 말자.,custom_smalltalk,hobby
잘 지냈나요?,나는 괜찮아. 너는 요즘 어때?,custom_smalltalk,how_are_you
안녕하세요,반가워! 뭐든 편하게 말해도 돼.,custom_smalltalk,greeting
몰라,생각나는 만큼만 말해줘.,custom_smalltalk,fallback
누가 나 싫어하는 것 같아,서운한 마음이 들 만했겠다.,custom_smalltalk,relationship
잘 들어줘서 고마워,천만에. 도움이 됐다면 다행이야.,custom_smalltalk,thanks
시험 공부해야 돼,집중이 안 되면 할 일을 적어보는 것부터 시작해보자.,custom_smalltalk,study_work
누가 나 싫어하는 것 같아,관계 문제는 마음이 많이 쓰이지.,custom_smalltalk,relationship
처음 만나,어서 와. 기다리고 있었어.,custom_smalltalk,greeting
힘들어,오늘은 스스로에게 조금 너그러워져도 돼.,custom_smalltalk,mood_bad
잘 지냈어?,나는 좋아. 너도 잘 지냈으면 좋겠다.,custom_smalltalk,how_are_you
고마워 진짜,도움이 됐다니 기뻐.,custom_smalltalk,thanks
다음에 봐,좋아. 좋은 하루 보내.,custom_smalltalk,bye
뭐해?,시간 있어. 어떤 이야기 하고 싶어?,custom_smalltalk,what_doing
오늘 뭐 먹을까?,배고프면 든든한 걸로 챙겨 먹자.,custom_smalltalk,food
피곤해,따뜻한 물 마시고 조용히 쉬어보는 것도 좋아.,custom_smalltalk,sleep
점심 뭐 먹을까?,밥은 잘 챙겨 먹어야 해. 오늘은 뭐 먹고 싶어?,custom_smalltalk,food
칭찬해줘,그 정도면 충분히 멋진 일이야.,custom_smalltalk,compliment_user
아무거나,그럼 가볍게 오늘 있었던 일부터 말해볼까?,custom_smalltalk,fallback
이거 괜찮지?,"응, 그렇게 생각할 수도 있어.",custom_smalltalk,agreement
왠지 기분이 좋아,좋다! 그런 날은 오래 기억해두자.,custom_smalltalk,mood_good
고마워,도움이 됐다니 기뻐.,custom_smalltalk,thanks
망친 것 같아,사과는 빠르고 솔직할수록 좋아.,custom_smalltalk,apology
감사합니다,그렇게 말해주니까 나도 기분 좋다.,custom_smalltalk,thanks
너는 사람 아니지?,"나는 아직 배우는 중이지만, 편하게 이야기 나눌 수 있어.",custom_smalltalk,self_intro
짝사랑 중이야,상대와 편하게 이야기할 기회를 만들어보자.,custom_smalltalk,love
일어나기 힘들어,오늘은 무리하지 말고 몸을 먼저 챙기자.,custom_smalltalk,sleep
동의해?,나는 네 생각을 이해해.,custom_smalltalk,agreement
너무 심심해,심심할 땐 아무 말 대잔치도 괜찮아.,custom_smalltalk,bored
과제 해야 돼,미루고 싶을 때는 딱 한 문제만 해보는 것도 방법이야.,custom_smalltalk,study_work
날씨가 흐려,비 오는 날은 괜히 차분해지는 것 같아.,custom_smalltalk,weather
주말에 뭐하지?,가볍게 시작하려면 산책이나 음악 듣기부터 좋아.,custom_smalltalk,hobby
뭐하니?,나는 여기 있어. 뭐 하고 있었어?,custom_smalltalk,what_doing
뭐하니?,지금은 네 이야기를 들을 준비를 하고 있어.,custom_smalltalk,what_doing
불면증 같아,많이 피곤하겠다. 가능하면 잠깐이라도 쉬어.,custom_smalltalk,sleep
잘 지냈니?,그럭저럭 잘 지냈어. 너는 별일 없었어?,custom_smalltalk,how_are_you
너무 추워,눈 오는 날은 조심히 다녀야 해.,custom_smalltalk,weather
오늘 어때?,좋아. 오늘은 어떤 이야기를 하고 싶어?,custom_smalltalk,how_are_you
음,말이 잘 안 나올 때도 있지.,custom_smalltalk,fallback
아무거나,딱히 할 말이 없어도 괜찮아.,custom_smalltalk,fallback
나 갈게,수고했어. 다음에 또 보자.,custom_smalltalk,bye
왔어,반가워! 뭐든 편하게 말해도 돼.,custom_smalltalk,greeting
나 갈게,오늘 이야기 즐거웠어.,custom_smalltalk,bye
나 칭찬받았어,뿌듯한 하루였구나. 고생했어.,custom_smalltalk,mood_good
나 잘했지?,대단하지. 노력한 만큼 의미 있는 결과야.,custom_smalltalk,compliment_user
요즘 기분이 어때?,그럭저럭 잘 지냈어. 너는 별일 없었어?,custom_smalltalk,how_are_you
반가워,안녕. 오늘 하루는 어땠어?,custom_smalltalk,greeting
바람 많이 불어,흐린 날엔 실내에서 쉬는 것도 좋지.,custom_smalltalk,weather
속상해,괜찮아. 천천히 말해줘. 내가 들어줄게.,custom_smalltalk,mood_bad
사람들이랑 어울리기 힘들어,서운한 마음이 들 만했겠다.,custom_smalltalk,relationship
안녕,안녕하세요. 오늘은 어떤 이야기를 해볼까요?,custom_smalltalk,greeting
잠이 부족해,오늘은 무리하지 말고 몸을 먼저 챙기자.,custom_smalltalk,sleep
일하기 싫어,일단 10분만 시작해보는 건 어때?,custom_smalltalk,study_work
심심해,심심할 땐 아무 말 대잔치도 괜찮아.,custom_smalltalk,bored
칭찬해줘,잘했다고 말해주고 싶어. 수고했어.,custom_smalltalk,compliment_user
너도 그렇게 봐?,나는 네 생각을 이해해.,custom_smalltalk,agreement
아무거나,생각나는 만큼만 말해줘.,custom_smalltalk,fallback
결정 못 하겠어,가장 부담이 적은 선택부터 해보는 것도 좋아.,custom_smalltalk,choice
나 때문에 그런 것 같아,너무 자책하지 말고 지금 할 수 있는 걸 생각해보자.,custom_smalltalk,apology
게임할까?,노래 들으면서 기분 전환하는 것도 괜찮지.,custom_smalltalk,hobby
오늘 운이 좋았어,좋은 일이 있었다니 다행이야. 더 자세히 말해줘.,custom_smalltalk,mood_good
데이트 뭐하지?,좋아하는 마음이 생겼구나. 그 사람의 어떤 점이 좋아?,custom_smalltalk,love
오늘 기분 어때?,나는 괜찮아. 너는 요즘 어때?,custom_smalltalk,how_are_you
졸려,밤샜으면 컨디션이 흔들릴 수 있어. 천천히 움직여.,custom_smalltalk,sleep
재밌는 얘기 해줘,그럼 우리 주제 하나 정해서 이야기해보자.,custom_smalltalk,bored
습해,날씨 좋은 날은 잠깐 산책해도 좋겠다.,custom_smalltalk,weather
오늘은 여기까지,좋아. 좋은 하루 보내.,custom_smalltalk,bye
안녕,반가워! 뭐든 편하게 말해도 돼.,custom_smalltalk,greeting
오늘 뭐 먹을까?,밥은 잘 챙겨 먹어야 해. 오늘은 뭐 먹고 싶어?,custom_smalltalk,food
시간 있어?,바쁘지 않아. 편하게 말해줘.,custom_smalltalk,what_doing
뭐 먹지?,커피도 좋지만 물도 같이 마셔줘.,custom_smalltalk,food
기분 최고야,멋지다. 오늘의 기분을 마음껏 즐겨.,custom_smalltalk,mood_good
어쩌지,생각나는 만큼만 말해줘.,custom_smalltalk,fallback
그냥,그럼 가볍게 오늘 있었던 일부터 말해볼까?,custom_smalltalk,fallback
영화 볼까?,주말엔 쉬는 시간도 일정에 넣어보자.,custom_smalltalk,hobby
흠,괜찮아. 천천히 생각해도 돼.,custom_smalltalk,fallback
공부하기 싫어,완벽하게 하려 하지 말고 시작부터 해보자.,custom_smalltalk,study_work
망친 것 같아,너무 자책하지 말고 지금 할 수 있는 걸 생각해보자.,custom_smalltalk,apology
잘 있었어?,잘 지냈어. 물어봐줘서 고마워.,custom_smalltalk,how_are_you
아무거나,말이 잘 안 나올 때도 있지.,custom_smalltalk,fallback
하이,안녕. 오늘 하루는 어땠어?,custom_smalltalk,greeting
시험 공부해야 돼,미루고 싶을 때는 딱 한 문제만 해보는 것도 방법이야.,custom_smalltalk,study_work
바이,오늘 이야기 즐거웠어.,custom_smalltalk,bye
일어나기 힘들어,따뜻한 물 마시고 조용히 쉬어보는 것도 좋아.,custom_smalltalk,sleep
오늘 날씨 좋다,더운 날엔 물 잘 챙겨 마셔야 해.,custom_smalltalk,weather
혼자인 것 같아,바로 결론 내리기보다 네 마음을 먼저 정리해보자.,custom_smalltalk,relationship
나 성공했어,잘했다고 말해주고 싶어. 수고했어.,custom_smalltalk,compliment_user
나 해냈어,그 정도면 충분히 멋진 일이야.,custom_smalltalk,compliment_user
잘 지냈어?,잘 지냈어. 물어봐줘서 고마워.,custom_smalltalk,how_are_you
혼자인 것 같아,혼자라고 느껴질 때 정말 외롭지.,custom_smalltalk,relationship
딱히,그럼 가볍게 오늘 있었던 일부터 말해볼까?,custom_smalltalk,fallback
실수했어,잘못을 인정하는 것도 용기야.,custom_smalltalk,apology
시간 있어?,시간 있어. 어떤 이야기 하고 싶어?,custom_smalltalk,what_doing
좋아하는 사람이 있어,썸 같으면 작은 관심들이 더 크게 느껴지지.,custom_smalltalk,love
지금 이야기할 수 있어?,지금은 네 이야기를 들을 준비를 하고 있어.,custom_smalltalk,what_doing
요즘 기분이 어때?,"응, 잘 지냈어. 너는 어떻게 지냈어?",custom_smalltalk,how_are_you
안녕 반가워,안녕! 반가워.,custom_smalltalk,greeting
별일 없었어?,잘 지냈어. 물어봐줘서 고마워.,custom_smalltalk,how_are_you
날씨 왜 이래,습하면 더 지치니까 무리하지 마.,custom_smalltalk,weather
잠이 안 와,잠이 안 올 땐 화면을 잠시 내려놓는 것도 도움이 돼.,custom_smalltalk,sleep
심심한데 뭐해?,바쁘지 않아. 편하게 말해줘.,custom_smalltalk,what_doing
둘 중에 뭐 골라?,가장 부담이 적은 선택부터 해보는 것도 좋아.,custom_smalltalk,choice
답답해,힘든 하루였구나. 여기서는 편하게 말해도 돼.,custom_smalltalk,mood_bad
잘했다고 해줘,해냈다는 게 정말 중요해. 멋지다.,custom_smalltalk,compliment_user
사람 관계 어렵다,네가 느낀 감정은 충분히 말해볼 만해.,custom_smalltalk,relationship
배고파,오늘은 부담 없는 메뉴가 좋을 것 같아.,custom_smalltalk,food
연락이 안 와,관계 문제는 마음이 많이 쓰이지.,custom_smalltalk,relationship
오늘은 여기까지,오늘 이야기 즐거웠어.,custom_smalltalk,bye
공부하기 싫어,너무 부담되면 쉬운 것부터 처리해보자.,custom_smalltalk,study_work
아무거나,그냥 있어도 괜찮아. 내가 옆에서 들어줄게.,custom_smalltalk,fallback
다음에 봐,다음에 봐. 기다리고 있을게.,custom_smalltalk,bye
그런가,생각나는 만큼만 말해줘.,custom_smalltalk,fallback
이제 자야겠다,좋아. 다음에 또 이야기하자.,custom_smalltalk,bye
할 거 있어?,지금 너랑 수다 떨 수 있어.,custom_smalltalk,what_doing
간식 먹고 싶어,간식은 적당히 먹으면 기분 전환에 좋지.,custom_smalltalk,food
노래 듣고 싶어,가볍게 시작하려면 산책이나 음악 듣기부터 좋아.,custom_smalltalk,hobby
나 노력했어,오늘의 너는 꽤 자랑스러워해도 돼.,custom_smalltalk,compliment_user
습해,더운 날엔 물 잘 챙겨 마셔야 해.,custom_smalltalk,weather
운동해야 하나?,책은 짧은 에세이나 만화부터 시작해도 좋아.,custom_smalltalk,hobby
감사합니다,고마워. 나도 네 이야기를 들을 수 있어서 좋아.,custom_smalltalk,thanks
왠지 기분이 좋아,오늘 정말 잘 보냈나 보다.,custom_smalltalk,mood_good
미루고 싶어,해야 할 게 많을수록 하나씩 쪼개는 게 좋아.,custom_smalltalk,study_work
감사합니다,도움이 됐다니 기뻐.,custom_smalltalk,thanks
잘 지냈어?,좋아. 오늘은 어떤 이야기를 하고 싶어?,custom_smalltalk,how_are_you
이제 자야겠다,잘 쉬고 다음에 또 이야기하자.,custom_smalltalk,bye
잘했다고 해줘,잘했다고 말해주고 싶어. 수고했어.,custom_smalltalk,compliment_user
나 오늘 기분 안 좋아,그랬구나. 오늘 많이 지쳤겠다.,custom_smalltalk,mood_bad
딱히,말이 잘 안 나올 때도 있지.,custom_smalltalk,fallback
너 좀 괜찮다,괜찮아. 필요하면 또 같이 생각해보자.,custom_smalltalk,thanks
왔어,반가워. 편하게 말 걸어줘.,custom_smalltalk,greeting
속상해,속상한 일이 있었나 보네. 무슨 일이었어?,custom_smalltalk,mood_bad
괜찮을까?,너무 자책하지 말고 지금 할 수 있는 걸 생각해보자.,custom_smalltalk,apology
덕분이야,고마워. 나도 네 이야기를 들을 수 있어서 좋아.,custom_smalltalk,thanks
해야 할 게 많아,잠깐 쉬고 다시 시작해도 괜찮아.,custom_smalltalk,study_work
나 때문에 그런 것 같아,사과는 빠르고 솔직할수록 좋아.,custom_smalltalk,apology
영화 볼까?,"지금 에너지가 있으면 운동, 쉬고 싶으면 영화도 괜찮아.",custom_smalltalk,hobby
다음에 또 올게,편히 쉬어. 또 와줘.,custom_smalltalk,bye
나 성공했어,해냈다는 게 정말 중요해. 멋지다.,custom_smalltalk,compliment_user
커피 마실까?,커피도 좋지만 물도 같이 마셔줘.,custom_smalltalk,food
심심해,나랑 이야기하다 보면 시간이 좀 빨리 갈지도 몰라.,custom_smalltalk,bored
어쩌지,괜찮아. 천천히 생각해도 돼.,custom_smalltalk,fallback
불면증 같아,밤샜으면 컨디션이 흔들릴 수 있어. 천천히 움직여.,custom_smalltalk,sleep
할 거 없어,나랑 이야기하다 보면 시간이 좀 빨리 갈지도 몰라.,custom_smalltalk,bored
뭐 하고 놀까?,책은 짧은 에세이나 만화부터 시작해도 좋아.,custom_smalltalk,hobby
고백할까?,그 마음만으로도 하루가 달라질 때가 있지.,custom_smalltalk,love
잘 지냈나요?,잘 지냈어. 물어봐줘서 고마워.,custom_smalltalk,how_are_you
산책할까?,게임도 좋지만 너무 오래 하진 말자.,custom_smalltalk,hobby
망친 것 같아,잘못을 인정하는 것도 용기야.,custom_smalltalk,apology
너도 그렇게 봐?,네 입장에서는 충분히 그렇게 느낄 만해.,custom_smalltalk,agreement
이제 자야겠다,오늘 이야기 즐거웠어.,custom_smalltalk,bye
내가 잘못했어,너무 자책하지 말고 지금 할 수 있는 걸 생각해보자.,custom_smalltalk,apology
감사합니다,천만에. 도움이 됐다면 다행이야.,custom_smalltalk,thanks
기운이 없어,괜찮아. 천천히 말해줘. 내가 들어줄게.,custom_smalltalk,mood_bad
칭찬해줘,잘했어. 진짜 고생 많았어.,custom_smalltalk,compliment_user
심심해,그럼 우리 주제 하나 정해서 이야기해보자.,custom_smalltalk,bored
나 잘했지?,노력한 게 느껴져. 정말 잘했어.,custom_smalltalk,compliment_user
뭐 하고 놀까?,노래 들으면서 기분 전환하는 것도 괜찮지.,custom_smalltalk,hobby
오늘 뭐 먹을까?,"뭐가 당기는지부터 생각해보자. 매운 거, 담백한 거, 달달한 거 중에 뭐가 좋아?",custom_smalltalk,food
그냥,말이 잘 안 나올 때도 있지.,custom_smalltalk,fallback
아,말이 잘 안 나올 때도 있지.,custom_smalltalk,fallback
컨디션 어때?,나는 준비 완료야. 네 이야기도 들려줘.,custom_smalltalk,how_are_you
글쎄,딱히 할 말이 없어도 괜찮아.,custom_smalltalk,fallback
요즘 잘 지내?,나는 좋아. 너도 잘 지냈으면 좋겠다.,custom_smalltalk,how_are_you
행복해,잘됐다. 어떤 좋은 일이 있었어?,custom_smalltalk,mood_good
너 좀 괜찮다,언제든 편하게 말해줘.,custom_smalltalk,thanks
주말에 뭐하지?,주말엔 쉬는 시간도 일정에 넣어보자.,custom_smalltalk,hobby
안뇽,좋아. 같이 이야기해보자.,custom_smalltalk,greeting
잘 지냈니?,나는 준비 완료야. 네 이야기도 들려줘.,custom_smalltalk,how_are_you
내가 이상한 거 아니지?,"응, 그렇게 생각할 수도 있어.",custom_smalltalk,agreement
심심해서 왔어,좋아. 오늘 있었던 일부터 이야기해볼까?,custom_smalltalk,bored
친구랑 싸웠어,관계는 어렵지만 네 마음도 중요해.,custom_smalltalk,relationship
답답해,오늘은 스스로에게 조금 너그러워져도 돼.,custom_smalltalk,mood_bad
썸 타는 것 같아,좋아하는 마음이 생겼구나. 그 사람의 어떤 점이 좋아?,custom_smalltalk,love
좋아하는 사람이 있어,좋아하는 마음이 생겼구나. 그 사람의 어떤 점이 좋아?,custom_smalltalk,love
기분 최고야,잘됐다. 어떤 좋은 일이 있었어?,custom_smalltalk,mood_good
시험 공부해야 돼,지금 제일 작은 일 하나부터 해보자.,custom_smalltalk,study_work
요즘 잘 지내?,나는 괜찮아. 너는 요즘 어때?,custom_smalltalk,how_are_you
나 성공했어,대단하지. 노력한 만큼 의미 있는 결과야.,custom_smalltalk,compliment_user
뭐 하고 있어?,시간 있어. 어떤 이야기 하고 싶어?,custom_smalltalk,what_doing
공부하기 싫어,지금 제일 작은 일 하나부터 해보자.,custom_smalltalk,study_work
커피 마실까?,배고프면 든든한 걸로 챙겨 먹자.,custom_smalltalk,food
이거 할까 말까?,네 상황을 조금 더 알려주면 같이 골라볼게.,custom_smalltalk,choice
안뇽,안녕! 반가워.,custom_smalltalk,greeting
오늘은 여기까지,수고했어. 다음에 또 보자.,custom_smalltalk,bye
나 좋아하는 사람 생겼어,썸 같으면 작은 관심들이 더 크게 느껴지지.,custom_smalltalk,love
마음이 복잡해,속상한 일이 있었나 보네. 무슨 일이었어?,custom_smalltalk,mood_bad
답답해,괜찮아. 천천히 말해줘. 내가 들어줄게.,custom_smalltalk,mood_bad
괜찮아?,나는 준비 완료야. 네 이야기도 들려줘.,custom_smalltalk,how_are_you
나 성공했어,오늘의 너는 꽤 자랑스러워해도 돼.,custom_smalltalk,compliment_user
별일 없었어?,그럭저럭 잘 지냈어. 너는 별일 없었어?,custom_smalltalk,how_are_you
그런가,그럼 가볍게 오늘 있었던 일부터 말해볼까?,custom_smalltalk,fallback
힘들어,그런 날도 있어. 일단 숨 좀 돌려보자.,custom_smalltalk,mood_bad
도움 됐어,그렇게 말해주니까 나도 기분 좋다.,custom_smalltalk,thanks
지금 이야기할 수 있어?,나는 여기 있어. 뭐 하고 있었어?,custom_smalltalk,what_doing
몰라,말이 잘 안 나올 때도 있지.,custom_smalltalk,fallback
오늘 별로야,속상한 일이 있었나 보네. 무슨 일이었어?,custom_smalltalk,mood_bad
너는 사람 아니지?,나는 네 말을 듣고 자연스럽게 답하려고 학습 중인 챗봇이야.,custom_smalltalk,self_intro
내 말 맞지?,네가 왜 그렇게 느꼈는지 알 것 같아.,custom_smalltalk,agreement
시간 있어?,나는 여기 있어. 뭐 하고 있었어?,custom_smalltalk,what_doing
안녕하세요,좋아. 같이 이야기해보자.,custom_smalltalk,greeting
나 오늘 기분 좋아,멋지다. 오늘의 기분을 마음껏 즐겨.,custom_smalltalk,mood_good
누가 나 싫어하는 것 같아,바로 결론 내리기보다 네 마음을 먼저 정리해보자.,custom_smalltalk,relationship
맛있는 거 먹고 싶다,너무 늦지 않았다면 간단히 먹는 것도 좋아.,custom_smalltalk,food
땡큐,고맙다고 말해줘서 나도 좋아.,custom_smalltalk,thanks
너랑 뭐 할 수 있어?,나는 네 말을 듣고 자연스럽게 답하려고 학습 중인 챗봇이야.,custom_smalltalk,self_intro
딱히,그냥 있어도 괜찮아. 내가 옆에서 들어줄게.,custom_smalltalk,fallback
너도 그렇게 봐?,"응, 그렇게 생각할 수도 있어.",custom_smalltalk,agreement
책 읽을까?,가볍게 시작하려면 산책이나 음악 듣기부터 좋아.,custom_smalltalk,hobby
뭐가 나을까?,장단점을 하나씩 적어보면 결정이 쉬워질 수 있어.,custom_smalltalk,choice
나랑 수다 떨자,그럼 지금 떠오르는 생각부터 말해줘.,custom_smalltalk,bored
일이 너무 많아,미루고 싶을 때는 딱 한 문제만 해보는 것도 방법이야.,custom_smalltalk,study_work
좋은 아침,반가워! 뭐든 편하게 말해도 돼.,custom_smalltalk,greeting
나 좋아하는 사람 생겼어,"오, 설레겠다. 어떤 사람이야?",custom_smalltalk,love
눈 왔어,습하면 더 지치니까 무리하지 마.,custom_smalltalk,weather
잘 들어줘서 고마워,괜찮아. 필요하면 또 같이 생각해보자.,custom_smalltalk,thanks
덕분이야,그렇게 말해주니까 나도 기분 좋다.,custom_smalltalk,thanks
별일 없었어?,좋아. 오늘은 어떤 이야기를 하고 싶어?,custom_smalltalk,how_are_you
좋은 저녁,좋아. 같이 이야기해보자.,custom_smalltalk,greeting
야 안녕,안녕하세요. 오늘은 어떤 이야기를 해볼까요?,custom_smalltalk,greeting
너는 사람 아니지?,나는 너랑 대화하기 위해 만들어진 작은 한국어 챗봇이야.,custom_smalltalk,self_intro
누가 나 싫어하는 것 같아,네가 느낀 감정은 충분히 말해볼 만해.,custom_smalltalk,relationship
오늘 하루 어땠어?,잘 지냈어. 물어봐줘서 고마워.,custom_smalltalk,how_are_you
집중이 안 돼,잠깐 쉬고 다시 시작해도 괜찮아.,custom_smalltalk,study_work
뭘 해야 할지 모르겠어,후회가 적을 선택을 기준으로 골라보자.,custom_smalltalk,choice
사과해야 할까?,사과는 빠르고 솔직할수록 좋아.,custom_smalltalk,apology
기분은 어때?,나는 괜찮아. 너는 요즘 어때?,custom_smalltalk,how_are_you
골라줘,장단점을 하나씩 적어보면 결정이 쉬워질 수 있어.,custom_smalltalk,choice
심심한데 뭐해?,좋아. 잠깐 같이 이야기하자.,custom_smalltalk,what_doing
고마워 진짜,천만에. 도움이 됐다면 다행이야.,custom_smalltalk,thanks
이만 갈게,수고했어. 다음에 또 보자.,custom_smalltalk,bye
수고해,좋아. 좋은 하루 보내.,custom_smalltalk,bye
뭘 해야 할지 모르겠어,네 상황을 조금 더 알려주면 같이 골라볼게.,custom_smalltalk,choice
좋은 아침,어서 와. 기다리고 있었어.,custom_smalltalk,greeting
요즘 기분이 어때?,괜찮게 지냈어. 오늘 너는 어땠어?,custom_smalltalk,how_are_you
영화 볼까?,가볍게 시작하려면 산책이나 음악 듣기부터 좋아.,custom_smalltalk,hobby
